ID,Nombre,Código,Nemotécnico,Número,Propietario,Tiene SCADA,Tiene Equipos Com,Tiene Pararrayos
199,S/E CENTRAL ALFALFAL,SE001,SE001G0010,1,AES ANDES S.A.,Sí,Sí,Sí
200,S/E CENTRAL LAGUNA VERDE,SE002,SE002G0010,2,AES ANDES S.A.,Sí,Sí,Sí
201,S/E CENTRAL MAITENES,SE004,SE004G0010,4,AES ANDES S.A.,Sí,Sí,Sí
203,S/E CENTRAL QUELTEHUES,SE006,SE006G0010,6,AES ANDES S.A.,Sí,Sí,Sí
204,S/E SAN PEDRO (CTNG),SE001,SE001T0048,1,COMPAÑÍA TRANSMISORA DEL NORTE GRANDE S.A.,Sí,Sí,Sí
205,S/E CENTRAL SANTA LIDIA,SE011,SE011G0434,11,GENERADORA METROPOLITANA SPA,Sí,Sí,Sí
206,S/E TORQUEMADA,SE002,SE002T0048,2,COMPAÑÍA TRANSMISORA DEL NORTE GRANDE S.A.,Sí,Sí,Sí
207,S/E VENTANAS,SE008,SE008G0049,8,EMPRESA ELÉCTRICA VENTANAS SPA,Sí,Sí,Sí
209,S/E CENTRAL HORCONES,SE001,SE001G0002,1,ARAUCO BIOENERGÍA SPA,Sí,Sí,Sí
210,S/E CENTRAL PUNTA COLORADA,SE001,SE001G0062,1,COMPAÑÍA BARRICK CHILE GENERACIÓN SPA,Sí,Sí,Sí
211,S/E YUNGAY,SE001,SE001G0598,1,CENTRAL YUNGAY S.A.,Sí,Sí,Sí
212,S/E CENTRAL CARDONES,SE001,SE001G0047,1,CENTRAL CARDONES S.A.,No,No,No
213,S/E PLANTA CONSTITUCION,SE001,SE001L0089,1,CELULOSA ARAUCO Y CONSTITUCIÓN S.A.,No,Sí,Sí
214,S/E PLANTA ARAUCO,SE002,SE002L0089,2,CELULOSA ARAUCO Y CONSTITUCIÓN S.A.,No,Sí,Sí
215,S/E PLANTA VALDIVIA,SE003,SE003L0089,3,CELULOSA ARAUCO Y CONSTITUCIÓN S.A.,No,Sí,Sí
216,S/E NUEVA ALDEA,SE004,SE004L0089,4,CELULOSA ARAUCO Y CONSTITUCIÓN S.A.,No,Sí,Sí
218,S/E CENTRAL LICANTEN,SE006,SE006L0089,6,CELULOSA ARAUCO Y CONSTITUCIÓN S.A.,No,Sí,Sí
219,S/E CENTRAL ANTILHUE,SE011,SE011G0003,11,GENERADORA ANTILHUE SPA,No,Sí,Sí
220,S/E CENTRAL CANUTILLAR,SE008,SE008G0004,8,COLBÚN S.A.,No,Sí,Sí
221,S/E CANDELARIA,SE001,SE001T0061,1,ALFA TRANSMISORA DE ENERGÍA S.A.,No,Sí,Sí
222,S/E CENTRAL CANDELARIA,SE002,SE002G0004,2,COLBÚN S.A.,No,No,Sí
223,S/E COLBUN,SE003,SE003T0061,3,ALFA TRANSMISORA DE ENERGÍA S.A.,No,Sí,Sí
224,S/E CENTRAL MACHICURA,SE004,SE004G0004,4,COLBÚN S.A.,Sí,Sí,Sí
225,S/E MAIPO,SE005,SE005T0061,5,ALFA TRANSMISORA DE ENERGÍA S.A.,No,Sí,Sí
226,S/E CENTRAL NEHUENCO I,SE006,SE006G0004,6,COLBÚN S.A.,No,Sí,Sí
227,S/E LAS TORTOLAS,SE007,SE007T0061,7,ALFA TRANSMISORA DE ENERGÍA S.A.,No,No,No
228,S/E CENTRAL RUCUE,SE009,SE009G0004,9,COLBÚN S.A.,No,Sí,Sí
229,S/E CENTRAL SAN IGNACIO,SE010,SE010G0004,10,COLBÚN S.A.,No,No,Sí
230,S/E CENTRAL QUILLECO,SE012,SE012G0004,12,COLBÚN S.A.,No,No,No
231,S/E CENTRAL CHIBURGO,SE013,SE013G0004,13,COLBÚN S.A.,Sí,Sí,Sí
232,S/E CENTRAL LOS PINOS,SE014,SE014G0004,14,COLBÚN S.A.,No,No,No
233,S/E CENTRAL SAN CLEMENTE (COLBUN),SE016,SE016G0004,16,COLBÚN S.A.,Sí,Sí,Sí
234,S/E MINERO,SE002,SE002T0061,2,ALFA TRANSMISORA DE ENERGÍA S.A.,No,No,No
235,S/E CENTRAL SANTA MARIA,SE017,SE017G0004,17,COLBÚN S.A.,Sí,Sí,Sí
236,S/E CENTRAL CAPULLO,SE001,SE001G0005,1,EMPRESA ELÉCTRICA CAPULLO S.A.,No,Sí,Sí
237,S/E CENTRAL PILMAIQUEN,SE011,SE011G0292,11,ENEL GREEN POWER CHILE S.A.,No,No,No
238,S/E CENTRAL CENIZAS,SE001,SE001G0039,1,ELÉCTRICA CENIZAS S.A.,Sí,Sí,Sí
239,S/E CENTRAL PUNTILLA,SE001,SE001G0019,1,ELÉCTRICA PUNTILLA S.A.,Sí,Sí,Sí
240,S/E NUEVA VENTANAS,SE001,SE001G0049,1,EMPRESA ELÉCTRICA VENTANAS SPA,Sí,Sí,Sí
241,S/E CENTRAL CARENA,SE001,SE001G1040,1,NUEVA CARENA SPA,No,No,Sí
242,S/E CENTRAL ABANICO,SE048,SE048T0002,48,TRANSELEC S.A.,No,Sí,Sí
243,S/E CENTRAL ANTUCO (ENEL GENERACION),SE002,SE002G0021,2,ENEL GENERACIÓN CHILE S.A.,Sí,Sí,Sí
244,S/E CENTRAL BOCAMINA I,SE003,SE003G0021,3,ENEL GENERACIÓN CHILE S.A.,No,No,No
245,S/E CENTRAL CIPRESES,SE055,SE055T0002,55,TRANSELEC S.A.,No,No,No
246,S/E CENTRAL ISLA,SE060,SE060G0021,60,ENEL GENERACIÓN CHILE S.A.,No,No,No
247,S/E CENTRAL RALCO,SE006,SE006G0021,6,ENEL GENERACIÓN CHILE S.A.,Sí,Sí,Sí
248,TAP OFF MARIA DOLORES,SE001,SE001A0021,1,CMPC PULP SPA.,No,No,No
249,S/E CENTRAL TALTAL (ENEL GENERACION),SE010,SE010G0021,10,ENEL GENERACIÓN CHILE S.A.,Sí,Sí,No
250,S/E CENTRAL RAPEL (ENEL GENERACION),SE011,SE011G0021,11,ENEL GENERACIÓN CHILE S.A.,No,No,No
251,S/E CENTRAL SAN ISIDRO I,SE005,SE005G0021,5,ENEL GENERACIÓN CHILE S.A.,Sí,Sí,Sí
252,S/E CENTRAL SAN ISIDRO II,SE013,SE013G0021,13,ENEL GENERACIÓN CHILE S.A.,Sí,Sí,Sí
253,S/E CENTRAL PALMUCHO,SE015,SE015G0021,15,ENEL GENERACIÓN CHILE S.A.,Sí,Sí,No
254,S/E SECCIONADORA CANELA,SE016,SE016G0021,16,ENEL GENERACIÓN CHILE S.A.,No,No,No
255,S/E CENTRAL OJOS DE AGUA,SE007,SE007G0021,7,ENEL GENERACIÓN CHILE S.A.,No,No,No
256,S/E CENTRAL QUINTERO,SE021,SE021T0002,21,TRANSELEC S.A.,Sí,Sí,Sí
257,S/E CENTRAL ELEVADORA CANELA II,SE008,SE008G0021,8,ENEL GENERACIÓN CHILE S.A.,Sí,Sí,Sí
258,S/E CENTRAL BOCAMINA,SE020,SE020G0021,20,ENEL GENERACIÓN CHILE S.A.,Sí,Sí,Sí
259,S/E CENTRAL GUAYACAN,SE001,SE001G0065,1,ENERGÍA COYANCO S.A.,Sí,No,Sí
260,S/E BUCALEMU,SE013,SE013L0096,13,CMPC MADERAS SPA,No,Sí,Sí
263,S/E ENLACE,SE015,SE015G0010,15,AES ANDES S.A.,No,Sí,Sí
266,S/E AGUAS NEGRAS,SE005,SE005G0041,5,ENLASA GENERACIÓN CHILE S.A.,No,No,No
267,S/E CENTRAL LAS PIEDRAS,SE003,SE003G0041,3,ENLASA GENERACIÓN CHILE S.A.,No,No,No
268,S/E MOLINOS (ENLASA),SE001,SE001G0041,1,ENLASA GENERACIÓN CHILE S.A.,No,No,No
269,S/E CENTRAL SAN LORENZO DE DIEGO DE ALMAGRO,SE004,SE004G0041,4,ENLASA GENERACIÓN CHILE S.A.,No,No,No
271,S/E CENTRAL EMELDA,SE001,SE001G0061,1,EMPRESA ELÉCTRICA DIEGO DE ALMAGRO SPA,Sí,Sí,No
272,S/E CENTRAL MONTE REDONDO,SE001,SE001G0050,1,EÓLICA MONTE REDONDO SPA,Sí,Sí,Sí
273,S/E CENTRAL CEMENTOS BIO BIO CENTRO,SE001,SE001D0001,1,CBB CALES S.A.,No,No,Sí
276,S/E CENTRAL TERMOPACIFICO,SE001,SE001G0052,1,GENERADORA DEL PACÍFICO SPA,Sí,Sí,Sí
277,S/E CENTRAL GUACOLDA,SE001,SE001G0011,1,GUACOLDA ENERGÍA SPA,Sí,Sí,Sí
278,S/E PLANTA MATTA,SE004,SE004G0011,4,GUACOLDA ENERGÍA SPA,No,No,No
280,S/E ACONCAGUA,SE022,SE022T0061,22,ALFA TRANSMISORA DE ENERGÍA S.A.,No,Sí,Sí
281,S/E ESPERANZA,SE023,SE023T0061,23,ALFA TRANSMISORA DE ENERGÍA S.A.,No,Sí,Sí
283,S/E CALERA CENTRO,SE027,SE027T0061,27,ALFA TRANSMISORA DE ENERGÍA S.A.,No,Sí,Sí
284,S/E CERRO CALERA,SE028,SE028T0061,28,ALFA TRANSMISORA DE ENERGÍA S.A.,No,Sí,Sí
285,S/E CENTRAL LOS QUILOS,SE029,SE029G0004,29,COLBÚN S.A.,No,Sí,Sí
288,S/E CENTRAL LIRCAY,SE003,SE003G0071,3,HIDROELÉCTRICA RÍO LIRCAY S.A.,Sí,Sí,Sí
289,S/E CENTRAL MAMPIL,SE001,SE001G0014,1,DUQUECO SPA,Sí,Sí,Sí
290,S/E CENTRAL PEUCHEN,SE002,SE002G0014,2,DUQUECO SPA,Sí,Sí,Sí
291,S/E CENTRAL COLMITO,SE001,SE001G0123,1,CENTRAL COLMITO S.A.,No,No,No
292,S/E CENTRAL LA HIGUERA,SE002,SE002T0827,2,LA HIGUERA TRANSMISIÓN S.A.,No,No,No
293,S/E CENTRAL LA CONFLUENCIA,SE001,SE001T0841,1,LA CONFLUENCIA TRANSMISIÓN S.A.,No,No,No
294,S/E CENTRAL LOS ESPINOS,SE001,SE001G0042,1,ESPINOS S.A.,No,No,Sí
295,S/E CENTRAL TOTORAL 1,SE001,SE001G0051,1,NORVIND S.A.,No,No,No
296,S/E TOTORAL 2,SE002,SE002G0051,2,NORVIND S.A.,No,No,Sí
297,S/E CENTRAL ESCUADRON,SE001,SE001G0032,1,ELÉCTRICA NUEVA ENERGÍA S.A.,No,No,No
299,S/E CENTRAL CHACABUQUITO,SE019,SE019G0004,19,COLBÚN S.A.,No,Sí,Sí
300,S/E LOS MAQUIS,SE020,SE020T0061,20,ALFA TRANSMISORA DE ENERGÍA S.A.,No,Sí,Sí
301,S/E TOTORALILLO,SE021,SE021T0061,21,ALFA TRANSMISORA DE ENERGÍA S.A.,No,Sí,Sí
302,S/E CENTRAL COYA,SE003,SE003G0030,3,PACIFIC HYDRO CHILE S.A.,No,No,No
303,S/E INTERCONEXION CHACAYES,SE001,SE001G0101,1,PACIFIC HYDRO CHACAYES S.A.,No,No,No
305,S/E CENTRAL CHOLGUAN,SE001,SE001L0003,1,MADERAS ARAUCO S.A.,No,Sí,Sí
307,S/E CENTRAL PANGUE,SE023,SE023G0021,23,ENEL GENERACIÓN CHILE S.A.,Sí,Sí,Sí
308,S/E CENTRAL CURILLINQUE,SE059,SE059T0002,59,TRANSELEC S.A.,No,No,No
309,S/E LOMA ALTA,SE063,SE063T0002,63,TRANSELEC S.A.,No,No,No
310,S/E RIO MELADO,SE004,SE004G0017,4,EMPRESA ELÉCTRICA PEHUENCHE S.A.,No,No,No
312,S/E PETROPOWER,SE005,SE005L0034,5,ENAP REFINERÍAS S.A.,Sí,Sí,Sí
313,S/E CENTRAL LOS OLIVOS,SE002,SE002G0042,2,ESPINOS S.A.,No,No,Sí
314,S/E CENTRAL HORNITOS,SE001,SE001G0036,1,RÍO TRANQUILO S.A.,No,No,No
315,S/E CENTRAL CHUYACA,SE003,SE003G0018,3,SAGESA S.A.,Sí,Sí,Sí
316,S/E CENTRAL CORONEL,SE001,SE001G0018,1,SAGESA S.A.,Sí,Sí,Sí
317,S/E CENTRAL QUELLON II,SE002,SE002G0402,2,ENERGÍA SIETE SPA,Sí,Sí,Sí
318,S/E CENTRAL CALLE CALLE,SE005,SE005G0018,5,SAGESA S.A.,No,No,No
319,S/E CENTRAL FLORIDA 1 (SCM),SE002,SE002G0012,2,ASOC. DE CANAL. SOCIEDAD DEL CANAL DE MAIPO,Sí,Sí,Sí
320,S/E CENTRAL MARIPOSAS,SE001,SE001G0071,1,HIDROELÉCTRICA RÍO LIRCAY S.A.,Sí,Sí,Sí
321,S/E CENTRAL LAUTARO,SE001,SE001G0067,1,COMASA SPA,Sí,Sí,Sí
322,S/E CENTRAL LICAN,SE001,SE001G0082,1,LICÁN SPA,Sí,No,Sí
323,S/E CENTRAL LOMA LOS COLORADOS,SE001,SE001G0059,1,KDM ENERGÍA S.A.,Sí,Sí,Sí
330,TAP OFF DUQUECO,SE220,SE220T0058,220,CGE TRANSMISIÓN S.A.,No,No,No
352,S/E GUAYACAN,SE001,SE001T0058,1,CGE TRANSMISIÓN S.A.,Sí,Sí,Sí
353,S/E EJERCITO,SE002,SE002T0058,2,CGE TRANSMISIÓN S.A.,Sí,Sí,Sí
354,S/E EL AVELLANO,SE003,SE003T0058,3,CGE TRANSMISIÓN S.A.,Sí,Sí,Sí
355,S/E EL ESPINO,SE004,SE004T0058,4,CGE TRANSMISIÓN S.A.,No,No,No
356,S/E EL PEÑON,SE005,SE005T0058,5,CGE TRANSMISIÓN S.A.,Sí,Sí,Sí
357,S/E EL SAUCE,SE006,SE006T0058,6,CGE TRANSMISIÓN S.A.,Sí,No,Sí
358,S/E ESCUADRON (CGE),SE007,SE007T0058,7,CGE TRANSMISIÓN S.A.,Sí,Sí,Sí
359,S/E RAUQUEN,SE008,SE008T0058,8,CGE TRANSMISIÓN S.A.,Sí,Sí,Sí
360,S/E MOLINA,SE009,SE009T0058,9,CGE TRANSMISIÓN S.A.,Sí,Sí,Sí
361,S/E LA PALMA,SE010,SE010T0058,10,CGE TRANSMISIÓN S.A.,Sí,Sí,Sí
362,S/E LEBU,SE011,SE011T0058,11,CGE TRANSMISIÓN S.A.,No,No,Sí
363,S/E GRANEROS,SE012,SE012T0058,12,CGE TRANSMISIÓN S.A.,Sí,Sí,Sí
364,S/E CURACAUTIN,SE013,SE013T0058,13,CGE TRANSMISIÓN S.A.,No,Sí,Sí
365,S/E HORCONES,SE014,SE014T0058,14,CGE TRANSMISIÓN S.A.,Sí,Sí,No
366,S/E HOSPITAL,SE015,SE015T0058,15,CGE TRANSMISIÓN S.A.,Sí,Sí,Sí
367,S/E ILLAPEL,SE016,SE016T0058,16,CGE TRANSMISIÓN S.A.,Sí,Sí,Sí
368,S/E INCAHUASI,SE017,SE017T0058,17,CGE TRANSMISIÓN S.A.,Sí,No,Sí
369,S/E LA RONDA,SE018,SE018T0058,18,CGE TRANSMISIÓN S.A.,Sí,Sí,Sí
370,S/E LAS CABRAS,SE019,SE019T0058,19,CGE TRANSMISIÓN S.A.,Sí,Sí,Sí
371,S/E LAS COMPAÑIAS,SE020,SE020T0058,20,CGE TRANSMISIÓN S.A.,Sí,Sí,Sí
372,S/E LATORRE,SE021,SE021T0058,21,CGE TRANSMISIÓN S.A.,Sí,No,Sí
373,S/E ALAMEDA,SE022,SE022T0058,22,CGE TRANSMISIÓN S.A.,Sí,Sí,Sí
374,S/E FATIMA,SE023,SE023T0058,23,CGE TRANSMISIÓN S.A.,Sí,Sí,Sí
375,S/E CHILLAN,SE024,SE024T0058,24,CGE TRANSMISIÓN S.A.,Sí,Sí,Sí
376,S/E ALONSO DE RIBERA,SE025,SE025T0058,25,CGE TRANSMISIÓN S.A.,Sí,Sí,Sí
377,S/E ANDACOLLO,SE026,SE026T0058,26,CGE TRANSMISIÓN S.A.,Sí,Sí,Sí
378,S/E ANDALIEN,SE027,SE027T0058,27,CGE TRANSMISIÓN S.A.,Sí,Sí,Sí
379,S/E ANGOL,SE028,SE028T0058,28,CGE TRANSMISIÓN S.A.,Sí,Sí,Sí
380,S/E ARENAS BLANCAS,SE029,SE029T0058,29,CGE TRANSMISIÓN S.A.,Sí,Sí,Sí
381,S/E BUIN (CGE),SE030,SE030T0058,30,CGE TRANSMISIÓN S.A.,Sí,Sí,Sí
382,S/E CABILDO,SE031,SE031T0058,31,CGE TRANSMISIÓN S.A.,Sí,Sí,Sí
383,S/E CACHAPOAL,SE032,SE032T0058,32,CGE TRANSMISIÓN S.A.,Sí,Sí,Sí
384,S/E CARAMPANGUE,SE033,SE033T0058,33,CGE TRANSMISIÓN S.A.,Sí,Sí,Sí
385,S/E DUQUECO,SE034,SE034T0025,34,EMPRESA DE TRANSMISIÓN ELÉCTRICA TRANSEMEL S.A.,No,No,No
386,S/E CHIGUAYANTE,SE035,SE035T0058,35,CGE TRANSMISIÓN S.A.,Sí,Sí,Sí
387,S/E CURANILAHUE,SE036,SE036T0058,36,CGE TRANSMISIÓN S.A.,Sí,No,Sí
388,S/E CHIMBARONGO,SE037,SE037T0058,37,CGE TRANSMISIÓN S.A.,Sí,Sí,Sí
389,S/E CHIVILCAN,SE038,SE038T0058,38,CGE TRANSMISIÓN S.A.,Sí,Sí,Sí
390,S/E CHOAPA,SE039,SE039T0058,39,CGE TRANSMISIÓN S.A.,Sí,Sí,Sí
391,S/E CHUMAQUITO,SE040,SE040T0058,40,CGE TRANSMISIÓN S.A.,Sí,Sí,Sí
392,S/E COLCHAGUA,SE041,SE041T0058,41,CGE TRANSMISIÓN S.A.,Sí,Sí,Sí
394,S/E COLLIPULLI,SE043,SE043T0058,43,CGE TRANSMISIÓN S.A.,Sí,Sí,Sí
395,S/E COLO COLO,SE044,SE044T0058,44,CGE TRANSMISIÓN S.A.,Sí,Sí,Sí
396,S/E COMBARBALA,SE049,SE049T0058,49,CGE TRANSMISIÓN S.A.,Sí,Sí,Sí
397,S/E LINARES,SE046,SE046T0058,46,CGE TRANSMISIÓN S.A.,Sí,Sí,Sí
398,S/E CASAS VIEJAS,SE047,SE047T0058,47,CGE TRANSMISIÓN S.A.,Sí,Sí,Sí
399,S/E SANTA ELVIRA,SE048,SE048T0058,48,CGE TRANSMISIÓN S.A.,Sí,Sí,Sí
400,S/E PUNTA DE CORTES,SE103,SE103T0058,103,CGE TRANSMISIÓN S.A.,Sí,Sí,Sí
401,S/E QUINQUIMO,SE051,SE051T0058,51,CGE TRANSMISIÓN S.A.,Sí,Sí,Sí
402,S/E RENGO,SE052,SE052T0058,52,CGE TRANSMISIÓN S.A.,Sí,Sí,Sí
403,S/E SALAMANCA,SE053,SE053T0058,53,CGE TRANSMISIÓN S.A.,Sí,Sí,Sí
404,S/E SAN FERNANDO,SE054,SE054T0058,54,CGE TRANSMISIÓN S.A.,Sí,Sí,Sí
405,S/E SAN FRANCISCO DE MOSTAZAL,SE055,SE055T0058,55,CGE TRANSMISIÓN S.A.,Sí,Sí,Sí
406,S/E SAN JOAQUIN (CGE),SE056,SE056T0058,56,CGE TRANSMISIÓN S.A.,Sí,Sí,Sí
407,S/E SAN MIGUEL,SE057,SE057T0058,57,CGE TRANSMISIÓN S.A.,Sí,Sí,Sí
408,S/E LAUTARO,SE058,SE058T0058,58,CGE TRANSMISIÓN S.A.,Sí,Sí,Sí
409,S/E SAN VICENTE DE TAGUA TAGUA,SE059,SE059T0058,59,CGE TRANSMISIÓN S.A.,Sí,Sí,Sí
410,S/E PUCHOCO,SE060,SE060T0058,60,CGE TRANSMISIÓN S.A.,No,No,Sí
411,S/E TALCA,SE061,SE061T0058,61,CGE TRANSMISIÓN S.A.,Sí,Sí,Sí
412,S/E TALCAHUANO,SE062,SE062T0058,62,CGE TRANSMISIÓN S.A.,Sí,No,Sí
413,S/E TOME,SE063,SE063T0058,63,CGE TRANSMISIÓN S.A.,Sí,Sí,Sí
414,S/E TRAIGUEN,SE064,SE064T0058,64,CGE TRANSMISIÓN S.A.,No,No,Sí
415,S/E TRES PINOS,SE065,SE065T0058,65,CGE TRANSMISIÓN S.A.,No,Sí,Sí
416,S/E TUMBES,SE066,SE066T0058,66,CGE TRANSMISIÓN S.A.,Sí,Sí,Sí
417,S/E TUNICHE,SE067,SE067T0058,67,CGE TRANSMISIÓN S.A.,Sí,Sí,Sí
418,S/E VICTORIA,SE068,SE068T0058,68,CGE TRANSMISIÓN S.A.,Sí,Sí,Sí
419,S/E VICUÑA,SE069,SE069T0058,69,CGE TRANSMISIÓN S.A.,Sí,Sí,Sí
420,S/E LOS MAQUIS (CGE),SE070,SE070T0058,70,CGE TRANSMISIÓN S.A.,Sí,Sí,Sí
421,S/E OVALLE,SE071,SE071T0058,71,CGE TRANSMISIÓN S.A.,Sí,Sí,Sí
422,S/E LIRQUEN,SE072,SE072T0058,72,CGE TRANSMISIÓN S.A.,Sí,Sí,Sí
423,S/E LO MIRANDA,SE073,SE073T0058,73,CGE TRANSMISIÓN S.A.,Sí,Sí,Sí
424,S/E LOMA COLORADA,SE074,SE074T0058,74,CGE TRANSMISIÓN S.A.,Sí,Sí,Sí
425,S/E LORETO,SE075,SE075T0058,75,CGE TRANSMISIÓN S.A.,Sí,Sí,Sí
426,S/E LOS ANGELES (CGE),SE076,SE076T0058,76,CGE TRANSMISIÓN S.A.,Sí,Sí,Sí
427,S/E MAHNS,SE077,SE077T0058,77,CGE TRANSMISIÓN S.A.,Sí,Sí,Sí
428,S/E MALLOA,SE078,SE078T0058,78,CGE TRANSMISIÓN S.A.,No,Sí,Sí
429,S/E MANSO DE VELASCO,SE079,SE079T0058,79,CGE TRANSMISIÓN S.A.,Sí,Sí,Sí
430,S/E MARQUESA,SE080,SE080T0058,80,CGE TRANSMISIÓN S.A.,Sí,Sí,Sí
431,S/E PUNITAQUI,SE081,SE081T0058,81,CGE TRANSMISIÓN S.A.,Sí,Sí,Sí
432,S/E MONTE PATRIA,SE082,SE082T0058,82,CGE TRANSMISIÓN S.A.,Sí,Sí,Sí
433,S/E PUMAHUE,SE083,SE083T0058,83,CGE TRANSMISIÓN S.A.,Sí,Sí,Sí
434,S/E PADRE LAS CASAS,SE084,SE084T0058,84,CGE TRANSMISIÓN S.A.,Sí,Sí,Sí
435,S/E PAINE,SE085,SE085T0058,85,CGE TRANSMISIÓN S.A.,Sí,Sí,Sí
436,S/E PANGUILEMO,SE086,SE086T0058,86,CGE TRANSMISIÓN S.A.,Sí,Sí,Sí
437,S/E PELEQUEN,SE087,SE087T0058,87,CGE TRANSMISIÓN S.A.,Sí,Sí,Sí
438,S/E PENCO,SE088,SE088T0058,88,CGE TRANSMISIÓN S.A.,Sí,Sí,Sí
439,S/E PERALES,SE089,SE089T0058,89,CGE TRANSMISIÓN S.A.,Sí,No,Sí
440,S/E PIDUCO,SE090,SE090T0058,90,CGE TRANSMISIÓN S.A.,Sí,Sí,Sí
441,S/E PILLANLELBUN,SE091,SE091T0058,91,CGE TRANSMISIÓN S.A.,Sí,Sí,Sí
442,S/E PITRUFQUEN,SE092,SE092T0058,92,CGE TRANSMISIÓN S.A.,No,No,No
443,S/E VILLARRICA,SE093,SE093T0058,93,CGE TRANSMISIÓN S.A.,Sí,Sí,Sí
444,S/E MAULE,SE094,SE094T0058,94,CGE TRANSMISIÓN S.A.,Sí,Sí,Sí
449,S/E CHACAHUIN,SE100,SE100T0058,100,CGE TRANSMISIÓN S.A.,Sí,No,Sí
460,S/E EL MANZANO (CGE),SE115,SE115T0058,115,CGE TRANSMISIÓN S.A.,No,Sí,Sí
461,S/E PIRQUE,SE117,SE117T0058,117,CGE TRANSMISIÓN S.A.,Sí,Sí,Sí
462,S/E POLPAICO (CEMENTO POLPAICO),SE124,SE124L0025,124,CEMENTO POLPAICO S.A.,Sí,Sí,Sí
463,S/E SAN PEDRO (CGE),SE120,SE120T0058,120,CGE TRANSMISIÓN S.A.,Sí,Sí,Sí
469,S/E CURICO,SE126,SE126T0058,126,CGE TRANSMISIÓN S.A.,Sí,Sí,Sí
470,S/E TENO,SE127,SE127T0058,127,CGE TRANSMISIÓN S.A.,Sí,Sí,Sí
471,S/E COCHARCAS (CGE),SE128,SE128T0058,128,CGE TRANSMISIÓN S.A.,Sí,Sí,Sí
472,S/E LONCOCHE,SE129,SE129T0058,129,CGE TRANSMISIÓN S.A.,Sí,Sí,Sí
473,S/E PARRAL,SE130,SE130T0058,130,CGE TRANSMISIÓN S.A.,Sí,Sí,Sí
474,S/E PULLINQUE,SE131,SE131T0058,131,CGE TRANSMISIÓN S.A.,Sí,No,Sí
475,S/E QUEREO,SE132,SE132T0058,132,CGE TRANSMISIÓN S.A.,Sí,Sí,Sí
476,S/E VILLA ALEGRE,SE133,SE133T0058,133,CGE TRANSMISIÓN S.A.,Sí,Sí,Sí
477,S/E TENO EMPALME,SE134,SE134T0058,134,CGE TRANSMISIÓN S.A.,Sí,Sí,Sí
478,S/E ISLA DE MAIPO,SE136,SE136T0058,136,CGE TRANSMISIÓN S.A.,Sí,Sí,Sí
479,S/E MARGA MARGA,SE137,SE137T0058,137,CGE TRANSMISIÓN S.A.,Sí,Sí,Sí
484,S/E CORONEL,SE142,SE142T0058,142,CGE TRANSMISIÓN S.A.,Sí,Sí,Sí
486,S/E PUCON,SE144,SE144T0058,144,CGE TRANSMISIÓN S.A.,Sí,Sí,Sí
487,S/E MARBELLA,SE145,SE145T0058,145,CGE TRANSMISIÓN S.A.,Sí,Sí,Sí
488,S/E ROSARIO,SE146,SE146T0058,146,CGE TRANSMISIÓN S.A.,Sí,Sí,Sí
489,S/E MACHALI,SE147,SE147T0058,147,CGE TRANSMISIÓN S.A.,Sí,Sí,Sí
491,S/E SAN JUAN,SE149,SE149T0058,149,CGE TRANSMISIÓN S.A.,Sí,Sí,Sí
492,S/E LAS ENCINAS,SE150,SE150T0058,150,CGE TRANSMISIÓN S.A.,Sí,Sí,Sí
493,S/E MALLOA NUEVA,SE151,SE151T0058,151,CGE TRANSMISIÓN S.A.,Sí,Sí,Sí
494,S/E NEWEN,SE152,SE152T0058,152,CGE TRANSMISIÓN S.A.,Sí,Sí,Sí
496,S/E QUINTA DE TILCOCO,SE154,SE154T0058,154,CGE TRANSMISIÓN S.A.,Sí,Sí,Sí
498,S/E EL MANCO,SE208,SE208T0058,208,CGE TRANSMISIÓN S.A.,Sí,Sí,No
499,S/E ALHUE,SE209,SE209T0058,209,CGE TRANSMISIÓN S.A.,Sí,Sí,Sí
500,S/E ZONA DE CAIDA,SE001,SE001T0008,1,PALMUCHO S.A.,Sí,No,Sí
502,S/E CORRAL,SE001,SE001T0003,1,SISTEMA DE TRANSMISIÓN DEL SUR S.A.,Sí,Sí,Sí
503,S/E ANCUD,SE002,SE002T0003,2,SISTEMA DE TRANSMISIÓN DEL SUR S.A.,No,Sí,Sí
504,S/E CHOLGUAN (STS),SE004,SE004T0003,4,SISTEMA DE TRANSMISIÓN DEL SUR S.A.,No,Sí,Sí
505,S/E CHONCHI,SE005,SE005T0003,5,SISTEMA DE TRANSMISIÓN DEL SUR S.A.,No,Sí,Sí
506,S/E COLACO,SE006,SE006T0003,6,SISTEMA DE TRANSMISIÓN DEL SUR S.A.,No,Sí,Sí
507,S/E LOS NEGROS,SE007,SE007T0003,7,SISTEMA DE TRANSMISIÓN DEL SUR S.A.,No,Sí,Sí
508,S/E EL EMPALME,SE008,SE008T0003,8,SISTEMA DE TRANSMISIÓN DEL SUR S.A.,No,Sí,Sí
509,S/E BARRO BLANCO,SE009,SE009T0003,9,SISTEMA DE TRANSMISIÓN DEL SUR S.A.,No,Sí,Sí
510,S/E FRUTILLAR,SE010,SE010T0003,10,SISTEMA DE TRANSMISIÓN DEL SUR S.A.,No,Sí,Sí
511,S/E AIHUAPI,SE011,SE011T0003,11,SISTEMA DE TRANSMISIÓN DEL SUR S.A.,No,Sí,Sí
512,S/E LA UNION,SE012,SE012T0003,12,SISTEMA DE TRANSMISIÓN DEL SUR S.A.,Sí,Sí,Sí
513,S/E MELIPULLI,SE013,SE013T0003,13,SISTEMA DE TRANSMISIÓN DEL SUR S.A.,Sí,Sí,Sí
514,S/E LOS LAGOS,SE014,SE014T0003,14,SISTEMA DE TRANSMISIÓN DEL SUR S.A.,Sí,Sí,Sí
515,S/E PID PID,SE015,SE015T0003,15,SISTEMA DE TRANSMISIÓN DEL SUR S.A.,No,Sí,Sí
516,S/E OSORNO,SE016,SE016T0003,16,SISTEMA DE TRANSMISIÓN DEL SUR S.A.,No,Sí,Sí
517,S/E PANGUIPULLI,SE017,SE017T0003,17,SISTEMA DE TRANSMISIÓN DEL SUR S.A.,Sí,Sí,Sí
518,S/E PICARTE,SE018,SE018T0003,18,SISTEMA DE TRANSMISIÓN DEL SUR S.A.,Sí,Sí,Sí
519,S/E PICHIRROPULLI,SE019,SE019T0003,19,SISTEMA DE TRANSMISIÓN DEL SUR S.A.,Sí,Sí,Sí
520,S/E PUERTO VARAS,SE021,SE021T0003,21,SISTEMA DE TRANSMISIÓN DEL SUR S.A.,No,Sí,Sí
521,S/E PURRANQUE,SE022,SE022T0003,22,SISTEMA DE TRANSMISIÓN DEL SUR S.A.,No,Sí,Sí
525,S/E QUELLON,SE026,SE026T0003,26,SISTEMA DE TRANSMISIÓN DEL SUR S.A.,No,No,No
526,S/E CALBUCO,SE027,SE027T0003,27,SISTEMA DE TRANSMISIÓN DEL SUR S.A.,No,Sí,Sí
527,S/E CASTRO,SE028,SE028T0003,28,SISTEMA DE TRANSMISIÓN DEL SUR S.A.,No,Sí,Sí
528,S/E DEGAÑ,SE029,SE029T0003,29,SISTEMA DE TRANSMISIÓN DEL SUR S.A.,No,Sí,Sí
529,S/E PUERTO MONTT (STS),SE030,SE030T0003,30,SISTEMA DE TRANSMISIÓN DEL SUR S.A.,No,Sí,Sí
530,S/E VALDIVIA (STS),SE031,SE031T0003,31,SISTEMA DE TRANSMISIÓN DEL SUR S.A.,Sí,Sí,Sí
531,S/E CHILOE,SE032,SE032T0003,32,SISTEMA DE TRANSMISIÓN DEL SUR S.A.,No,No,No
560,S/E ALTO JAHUEL,SE002,SE002T0002,2,TRANSELEC S.A.,Sí,Sí,Sí
561,S/E ANCOA,SE003,SE003T0002,3,TRANSELEC S.A.,No,No,No
562,S/E CARDONES,SE001,SE001T0002,1,TRANSELEC S.A.,Sí,Sí,Sí
563,S/E CARRERA PINTO,SE005,SE005T0002,5,TRANSELEC S.A.,Sí,Sí,Sí
564,S/E CASTILLA,SE006,SE006T0002,6,TRANSELEC S.A.,No,No,Sí
565,S/E CERRO NAVIA (TRANSELEC),SE008,SE008T0002,8,TRANSELEC S.A.,Sí,Sí,Sí
566,S/E CHARRUA,SE009,SE009T0002,9,TRANSELEC S.A.,No,No,No
568,S/E CONCEPCION,SE012,SE012T0002,12,TRANSELEC S.A.,Sí,Sí,Sí
569,S/E DIEGO DE ALMAGRO,SE014,SE014T0002,14,TRANSELEC S.A.,No,No,No
570,S/E DOS AMIGOS,SE015,SE015T0002,15,TRANSELEC S.A.,No,No,Sí
571,S/E EL SALADO,SE016,SE016T0002,16,TRANSELEC S.A.,Sí,Sí,No
572,S/E CENTRAL EL TORO,SE017,SE017T0002,17,TRANSELEC S.A.,Sí,No,Sí
573,S/E HUALPEN,SE018,SE018T0002,18,TRANSELEC S.A.,Sí,Sí,Sí
574,S/E HUASCO,SE019,SE019T0002,19,TRANSELEC S.A.,Sí,Sí,Sí
575,S/E ITAHUE,SE020,SE020T0002,20,TRANSELEC S.A.,Sí,Sí,Sí
577,S/E LAJA,SE022,SE022T0002,22,TRANSELEC S.A.,Sí,No,Sí
578,S/E LOS MOLLES,SE024,SE024T0002,24,TRANSELEC S.A.,Sí,Sí,Sí
579,S/E LOS VILOS,SE025,SE025T0002,25,TRANSELEC S.A.,Sí,Sí,Sí
580,S/E MAITENCILLO,SE026,SE026T0002,26,TRANSELEC S.A.,Sí,Sí,Sí
581,S/E PAN DE AZUCAR,SE027,SE027T0002,27,TRANSELEC S.A.,Sí,Sí,Sí
582,S/E PAPOSO,SE028,SE028T0002,28,TRANSELEC S.A.,Sí,Sí,Sí
583,S/E CENTRAL PEHUENCHE,SE029,SE029T0002,29,TRANSELEC S.A.,Sí,No,Sí
584,S/E POLPAICO (TRANSELEC),SE030,SE030T0002,30,TRANSELEC S.A.,Sí,Sí,Sí
585,S/E PUERTO MONTT,SE031,SE031T0002,31,TRANSELEC S.A.,Sí,Sí,Sí
586,S/E QUILLOTA,SE032,SE032T0002,32,TRANSELEC S.A.,Sí,Sí,Sí
587,S/E RANCAGUA,SE033,SE033T0002,33,TRANSELEC S.A.,Sí,Sí,Sí
588,TAP OFF ROMERAL,SE034,SE034T0002,34,TRANSELEC S.A.,No,No,No
589,S/E SAN VICENTE,SE035,SE035T0002,35,TRANSELEC S.A.,Sí,Sí,No
590,S/E SAUZAL,SE036,SE036T0002,36,TRANSELEC S.A.,Sí,Sí,No
591,S/E TEMUCO,SE037,SE037T0002,37,TRANSELEC S.A.,Sí,Sí,No
592,S/E VALDIVIA,SE038,SE038T0002,38,TRANSELEC S.A.,Sí,Sí,No
593,S/E VALLENAR,SE039,SE039T0002,39,TRANSELEC S.A.,Sí,No,No
604,S/E CAUTIN,SE053,SE053T0002,53,TRANSELEC S.A.,Sí,Sí,No
605,S/E NOGALES,SE054,SE054T0002,54,TRANSELEC S.A.,Sí,Sí,No
606,S/E PUNTA COLORADA,SE056,SE056T0002,56,TRANSELEC S.A.,Sí,Sí,No
607,S/E TINGUIRIRICA,SE057,SE057T0002,57,TRANSELEC S.A.,No,No,No
608,S/E LAGUNILLAS,SE058,SE058T0002,58,TRANSELEC S.A.,Sí,Sí,No
611,S/E LAS PALMAS,SE062,SE062T0002,62,TRANSELEC S.A.,Sí,Sí,No
614,S/E CIRUELOS,SE004,SE004T0002,4,TRANSELEC S.A.,Sí,Sí,Sí
615,S/E SAN LUIS,SE004,SE004T0061,4,ALFA TRANSMISORA DE ENERGÍA S.A.,No,Sí,Sí
616,S/E ALTO DEL CARMEN,SE164,SE164T0058,164,CGE TRANSMISIÓN S.A.,No,No,Sí
617,S/E CALDERA,SE210,SE210T0058,210,CGE TRANSMISIÓN S.A.,No,No,Sí
618,S/E CERRILLOS,SE156,SE156T0058,156,CGE TRANSMISIÓN S.A.,Sí,No,Sí
619,S/E CHAÑARAL,SE157,SE157T0058,157,CGE TRANSMISIÓN S.A.,No,No,Sí
620,S/E COPIAPO,SE158,SE158T0058,158,CGE TRANSMISIÓN S.A.,Sí,No,Sí
621,S/E HERNAN FUENTES,SE159,SE159T0058,159,CGE TRANSMISIÓN S.A.,Sí,No,Sí
622,S/E LOS LOROS,SE160,SE160T0058,160,CGE TRANSMISIÓN S.A.,Sí,No,Sí
623,S/E PLANTAS,SE161,SE161T0058,161,CGE TRANSMISIÓN S.A.,Sí,No,Sí
624,S/E TIERRA AMARILLA,SE162,SE162T0058,162,CGE TRANSMISIÓN S.A.,Sí,No,Sí
627,S/E ALCONES,SE165,SE165T0058,165,CGE TRANSMISIÓN S.A.,No,No,Sí
628,S/E BAJO MELIPILLA,SE166,SE166T0058,166,CGE TRANSMISIÓN S.A.,No,Sí,Sí
629,S/E BOLLENAR,SE167,SE167T0058,167,CGE TRANSMISIÓN S.A.,Sí,No,Sí
630,S/E CAUQUENES,SE168,SE168T0058,168,CGE TRANSMISIÓN S.A.,Sí,Sí,Sí
631,S/E CHOCALAN,SE169,SE169T0058,169,CGE TRANSMISIÓN S.A.,No,No,Sí
632,S/E CONSTITUCION,SE170,SE170T0058,170,CGE TRANSMISIÓN S.A.,Sí,Sí,Sí
633,S/E EL MAITEN,SE171,SE171T0058,171,CGE TRANSMISIÓN S.A.,No,No,Sí
634,S/E EL MONTE,SE172,SE172T0058,172,CGE TRANSMISIÓN S.A.,No,No,Sí
635,S/E EL PAICO,SE173,SE173T0058,173,CGE TRANSMISIÓN S.A.,Sí,Sí,Sí
636,S/E EL PEUMO,SE174,SE174T0058,174,CGE TRANSMISIÓN S.A.,Sí,Sí,Sí
637,S/E HUALANE,SE176,SE176T0058,176,CGE TRANSMISIÓN S.A.,No,No,Sí
638,S/E HUALTE,SE177,SE177T0058,177,CGE TRANSMISIÓN S.A.,No,No,Sí
639,S/E LA ESPERANZA,SE178,SE178T0058,178,CGE TRANSMISIÓN S.A.,No,No,Sí
640,S/E LA MANGA,SE197,SE197T0058,197,CGE TRANSMISIÓN S.A.,Sí,Sí,Sí
641,S/E LA VEGA,SE203,SE203T0058,203,CGE TRANSMISIÓN S.A.,Sí,Sí,Sí
642,S/E LAS ARAÑAS,SE179,SE179T0058,179,CGE TRANSMISIÓN S.A.,No,No,No
643,S/E LEYDA,SE206,SE206T0058,206,CGE TRANSMISIÓN S.A.,Sí,Sí,Sí
644,S/E LICANTEN,SE050,SE050T0058,50,CGE TRANSMISIÓN S.A.,Sí,Sí,Sí
645,S/E LIHUEIMO,SE180,SE180T0058,180,CGE TRANSMISIÓN S.A.,No,Sí,Sí
646,S/E MANDINGA,SE182,SE182T0058,182,CGE TRANSMISIÓN S.A.,No,No,Sí
647,S/E MARCHIGÜE,SE183,SE183T0058,183,CGE TRANSMISIÓN S.A.,No,No,Sí
648,S/E NANCAGUA,SE184,SE184T0058,184,CGE TRANSMISIÓN S.A.,No,No,Sí
649,S/E PANIAHUE,SE185,SE185T0058,185,CGE TRANSMISIÓN S.A.,No,Sí,Sí
650,S/E PARRONAL,SE186,SE186T0058,186,CGE TRANSMISIÓN S.A.,No,No,Sí
651,S/E PLACILLA,SE187,SE187T0058,187,CGE TRANSMISIÓN S.A.,No,Sí,Sí
652,S/E PORTEZUELO,SE201,SE201T0058,201,CGE TRANSMISIÓN S.A.,Sí,Sí,Sí
653,S/E QUELENTARO,SE200,SE200T0058,200,CGE TRANSMISIÓN S.A.,Sí,Sí,Sí
654,S/E QUIRIHUE,SE188,SE188T0058,188,CGE TRANSMISIÓN S.A.,No,No,Sí
655,S/E RANGUILI,SE202,SE202T0058,202,CGE TRANSMISIÓN S.A.,No,No,Sí
656,S/E REGULADORA RAPEL,SE195,SE195T0058,195,CGE TRANSMISIÓN S.A.,Sí,No,Sí
657,S/E RETIRO,SE175,SE175T0058,175,CGE TRANSMISIÓN S.A.,No,No,Sí
658,S/E SAN CARLOS,SE189,SE189T0058,189,CGE TRANSMISIÓN S.A.,Sí,Sí,Sí
659,S/E SAN CLEMENTE,SE198,SE198T0058,198,CGE TRANSMISIÓN S.A.,Sí,Sí,Sí
660,S/E SAN JAVIER,SE190,SE190T0058,190,CGE TRANSMISIÓN S.A.,No,No,Sí
661,S/E SANTA ROSA (CGE),SE191,SE191T0058,191,CGE TRANSMISIÓN S.A.,Sí,Sí,Sí
662,S/E VILLA PRAT,SE192,SE192T0058,192,CGE TRANSMISIÓN S.A.,Sí,Sí,Sí
669,S/E SAN RAFAEL,SE207,SE207T0058,207,CGE TRANSMISIÓN S.A.,Sí,Sí,Sí
672,S/E BAÑOS DEL TORO,SE002,SE002L0094,2,COMPAÑÍA MINERA ZALDÍVAR LTDA,No,Sí,Sí
674,S/E ALONSO DE CORDOVA,SE001,SE001T0835,1,SOCIEDAD TRANSMISORA METROPOLITANA S.A.,Sí,Sí,Sí
675,S/E ALTAMIRANO,SE002,SE002T0835,2,SOCIEDAD TRANSMISORA METROPOLITANA S.A.,Sí,Sí,Sí
676,S/E ANDES (STM),SE053,SE053T0835,53,SOCIEDAD TRANSMISORA METROPOLITANA S.A.,Sí,Sí,Sí
677,S/E APOQUINDO,SE004,SE004T0835,4,SOCIEDAD TRANSMISORA METROPOLITANA S.A.,Sí,Sí,Sí
678,S/E BATUCO,SE005,SE005T0835,5,SOCIEDAD TRANSMISORA METROPOLITANA S.A.,Sí,Sí,Sí
679,S/E BRASIL,SE006,SE006T0835,6,SOCIEDAD TRANSMISORA METROPOLITANA S.A.,Sí,Sí,Sí
680,S/E BUIN (STM),SE007,SE007T0835,7,SOCIEDAD TRANSMISORA METROPOLITANA S.A.,Sí,Sí,Sí
681,S/E CALEU,SE090,SE090T0835,90,SOCIEDAD TRANSMISORA METROPOLITANA S.A.,No,No,No
682,S/E CARRASCAL,SE008,SE008T0835,8,SOCIEDAD TRANSMISORA METROPOLITANA S.A.,Sí,Sí,Sí
683,S/E CHACABUCO,SE009,SE009T0835,9,SOCIEDAD TRANSMISORA METROPOLITANA S.A.,Sí,Sí,Sí
684,S/E CHENA,SE010,SE010T0835,10,SOCIEDAD TRANSMISORA METROPOLITANA S.A.,Sí,Sí,Sí
685,S/E CLUB HIPICO,SE011,SE011T0835,11,SOCIEDAD TRANSMISORA METROPOLITANA S.A.,Sí,Sí,Sí
686,S/E CURACAVI,SE012,SE012T0835,12,SOCIEDAD TRANSMISORA METROPOLITANA S.A.,No,No,Sí
687,S/E EL MANZANO (STM),SE013,SE013T0835,13,SOCIEDAD TRANSMISORA METROPOLITANA S.A.,Sí,Sí,Sí
688,S/E EL SALTO,SE014,SE014T0835,14,SOCIEDAD TRANSMISORA METROPOLITANA S.A.,Sí,Sí,Sí
689,S/E FLORIDA,SE015,SE015T0835,15,SOCIEDAD TRANSMISORA METROPOLITANA S.A.,Sí,Sí,Sí
690,S/E LA CISTERNA,SE016,SE016T0835,16,SOCIEDAD TRANSMISORA METROPOLITANA S.A.,Sí,Sí,Sí
691,S/E LA DEHESA,SE017,SE017T0835,17,SOCIEDAD TRANSMISORA METROPOLITANA S.A.,Sí,Sí,Sí
692,S/E LA PINTANA,SE018,SE018T0835,18,SOCIEDAD TRANSMISORA METROPOLITANA S.A.,Sí,Sí,Sí
693,S/E LA REINA,SE019,SE019T0835,19,SOCIEDAD TRANSMISORA METROPOLITANA S.A.,Sí,Sí,Sí
694,S/E LAMPA,SE020,SE020T0835,20,SOCIEDAD TRANSMISORA METROPOLITANA S.A.,Sí,Sí,Sí
695,S/E LAS ACACIAS,SE021,SE021T0835,21,SOCIEDAD TRANSMISORA METROPOLITANA S.A.,Sí,Sí,Sí
696,S/E LO AGUIRRE,SE022,SE022T0835,22,SOCIEDAD TRANSMISORA METROPOLITANA S.A.,No,No,Sí
697,S/E LO BOZA,SE023,SE023T0835,23,SOCIEDAD TRANSMISORA METROPOLITANA S.A.,Sí,Sí,Sí
698,TAP OFF LO ESPEJO,SE024,SE024T0835,24,SOCIEDAD TRANSMISORA METROPOLITANA S.A.,Sí,Sí,No
699,S/E LO PRADO,SE025,SE025T0835,25,SOCIEDAD TRANSMISORA METROPOLITANA S.A.,No,No,Sí
700,S/E LO VALLEDOR,SE026,SE026T0835,26,SOCIEDAD TRANSMISORA METROPOLITANA S.A.,Sí,Sí,Sí
701,S/E LORD COCHRANE,SE027,SE027T0835,27,SOCIEDAD TRANSMISORA METROPOLITANA S.A.,Sí,Sí,Sí
702,S/E LOS ALMENDROS,SE028,SE028T0835,28,SOCIEDAD TRANSMISORA METROPOLITANA S.A.,Sí,Sí,Sí
703,S/E LOS DOMINICOS,SE029,SE029T0835,29,SOCIEDAD TRANSMISORA METROPOLITANA S.A.,Sí,Sí,Sí
704,S/E MACUL,SE030,SE030T0835,30,SOCIEDAD TRANSMISORA METROPOLITANA S.A.,Sí,Sí,Sí
705,S/E MAIPU,SE031,SE031T0835,31,SOCIEDAD TRANSMISORA METROPOLITANA S.A.,Sí,Sí,Sí
706,S/E MALLOCO,SE032,SE032T0835,32,SOCIEDAD TRANSMISORA METROPOLITANA S.A.,Sí,Sí,Sí
707,S/E MOVIL,SE093,SE093T0835,93,SOCIEDAD TRANSMISORA METROPOLITANA S.A.,No,No,Sí
708,S/E OCHAGAVIA,SE033,SE033T0835,33,SOCIEDAD TRANSMISORA METROPOLITANA S.A.,Sí,Sí,Sí
709,S/E PAJARITOS,SE034,SE034T0835,34,SOCIEDAD TRANSMISORA METROPOLITANA S.A.,Sí,Sí,Sí
710,S/E PANAMERICANA,SE035,SE035T0835,35,SOCIEDAD TRANSMISORA METROPOLITANA S.A.,Sí,Sí,Sí
711,S/E POLPAICO (STM),SE089,SE089T0835,89,SOCIEDAD TRANSMISORA METROPOLITANA S.A.,Sí,Sí,Sí
712,S/E PUDAHUEL,SE036,SE036T0835,36,SOCIEDAD TRANSMISORA METROPOLITANA S.A.,Sí,Sí,Sí
713,S/E QUILICURA,SE037,SE037T0835,37,SOCIEDAD TRANSMISORA METROPOLITANA S.A.,Sí,Sí,Sí
714,S/E RECOLETA,SE038,SE038T0835,38,SOCIEDAD TRANSMISORA METROPOLITANA S.A.,Sí,Sí,Sí
715,S/E RENCA,SE039,SE039T0835,39,SOCIEDAD TRANSMISORA METROPOLITANA S.A.,Sí,Sí,Sí
716,S/E RUNGUE,SE088,SE088T0835,88,SOCIEDAD TRANSMISORA METROPOLITANA S.A.,No,No,Sí
717,S/E SAN BERNARDO,SE040,SE040T0835,40,SOCIEDAD TRANSMISORA METROPOLITANA S.A.,Sí,Sí,Sí
718,S/E SAN CRISTOBAL,SE041,SE041T0835,41,SOCIEDAD TRANSMISORA METROPOLITANA S.A.,Sí,Sí,Sí
719,S/E SAN JOAQUIN (STM),SE042,SE042T0835,42,SOCIEDAD TRANSMISORA METROPOLITANA S.A.,Sí,Sí,Sí
720,S/E SAN JOSE,SE043,SE043T0835,43,SOCIEDAD TRANSMISORA METROPOLITANA S.A.,Sí,Sí,Sí
721,S/E SAN PABLO,SE044,SE044T0835,44,SOCIEDAD TRANSMISORA METROPOLITANA S.A.,Sí,Sí,Sí
722,S/E SANTA ELENA,SE045,SE045T0835,45,SOCIEDAD TRANSMISORA METROPOLITANA S.A.,Sí,Sí,Sí
723,S/E SANTA MARTA,SE046,SE046T0835,46,SOCIEDAD TRANSMISORA METROPOLITANA S.A.,No,No,No
724,S/E SANTA RAQUEL,SE047,SE047T0835,47,SOCIEDAD TRANSMISORA METROPOLITANA S.A.,Sí,Sí,Sí
725,S/E SANTA ROSA SUR,SE048,SE048T0835,48,SOCIEDAD TRANSMISORA METROPOLITANA S.A.,Sí,Sí,Sí
726,S/E VITACURA,SE049,SE049T0835,49,SOCIEDAD TRANSMISORA METROPOLITANA S.A.,Sí,Sí,Sí
774,S/E AGUA SANTA,SE001,SE001T0057,1,CHILQUINTA TRANSMISIÓN S.A.,Sí,Sí,Sí
775,S/E ALGARROBO NORTE,SE002,SE002T0057,2,CHILQUINTA TRANSMISIÓN S.A.,Sí,Sí,Sí
776,S/E ALTO MELIPILLA,SE003,SE003T0057,3,CHILQUINTA TRANSMISIÓN S.A.,No,No,No
777,S/E CASABLANCA,SE004,SE004T0057,4,CHILQUINTA TRANSMISIÓN S.A.,Sí,Sí,Sí
778,S/E CATEMU,SE005,SE005T0057,5,CHILQUINTA TRANSMISIÓN S.A.,Sí,Sí,No
779,S/E CHAGRES,SE006,SE006T0057,6,CHILQUINTA TRANSMISIÓN S.A.,Sí,Sí,No
780,S/E CONCON,SE007,SE007T0057,7,CHILQUINTA TRANSMISIÓN S.A.,Sí,Sí,Sí
781,S/E EL MELON,SE008,SE008T0057,8,CHILQUINTA TRANSMISIÓN S.A.,Sí,Sí,No
783,S/E JUNCAL PORTILLO,SE009,SE009T0057,9,CHILQUINTA TRANSMISIÓN S.A.,Sí,Sí,Sí
784,S/E LA CALERA,SE010,SE010T0057,10,CHILQUINTA TRANSMISIÓN S.A.,Sí,Sí,Sí
785,S/E LAS VEGAS (CHILQUINTA),SE021,SE021T0057,21,CHILQUINTA TRANSMISIÓN S.A.,Sí,Sí,Sí
786,TAP OFF LOS ANGELES,SE001,SE001L0072,1,COMPAÑÍA MINERA CERRO NEGRO S.A.,No,No,No
787,S/E LOS PLACERES,SE012,SE012T0057,12,CHILQUINTA TRANSMISIÓN S.A.,Sí,Sí,Sí
788,S/E MIRAFLORES,SE013,SE013T0057,13,CHILQUINTA TRANSMISIÓN S.A.,Sí,Sí,Sí
789,S/E PANQUEHUE,SE050,SE050T0057,50,CHILQUINTA TRANSMISIÓN S.A.,Sí,Sí,Sí
790,S/E PLACILLA (CHILQUINTA),SE048,SE048T0057,48,CHILQUINTA TRANSMISIÓN S.A.,Sí,Sí,Sí
791,S/E PLAYA ANCHA,SE014,SE014T0057,14,CHILQUINTA TRANSMISIÓN S.A.,Sí,Sí,Sí
792,S/E QUILPUE,SE015,SE015T0057,15,CHILQUINTA TRANSMISIÓN S.A.,Sí,Sí,Sí
793,S/E QUINTAY,SE016,SE016T0057,16,CHILQUINTA TRANSMISIÓN S.A.,No,No,No
794,S/E QUINTERO,SE046,SE046T0057,46,CHILQUINTA TRANSMISIÓN S.A.,Sí,Sí,Sí
795,S/E REÑACA,SE042,SE042T0057,42,CHILQUINTA TRANSMISIÓN S.A.,Sí,Sí,Sí
796,S/E RIECILLOS,SE017,SE017T0057,17,CHILQUINTA TRANSMISIÓN S.A.,No,No,Sí
797,S/E RIO BLANCO,SE018,SE018T0057,18,CHILQUINTA TRANSMISIÓN S.A.,Sí,Sí,Sí
798,S/E SAN ANTONIO,SE019,SE019T0057,19,CHILQUINTA TRANSMISIÓN S.A.,Sí,Sí,Sí
799,S/E SAN FELIPE,SE020,SE020T0057,20,CHILQUINTA TRANSMISIÓN S.A.,Sí,Sí,Sí
801,S/E SAN RAFAEL (CHILQUINTA),SE022,SE022T0057,22,CHILQUINTA TRANSMISIÓN S.A.,Sí,Sí,Sí
802,S/E SAN SEBASTIAN,SE023,SE023T0057,23,CHILQUINTA TRANSMISIÓN S.A.,Sí,Sí,Sí
803,S/E TUNEL EL MELON,SE024,SE024T0057,24,CHILQUINTA TRANSMISIÓN S.A.,Sí,Sí,Sí
804,S/E VALPARAISO,SE025,SE025T0057,25,CHILQUINTA TRANSMISIÓN S.A.,Sí,Sí,Sí
822,S/E QUINTA,SE074,SE074T0003,74,SISTEMA DE TRANSMISIÓN DEL SUR S.A.,Sí,No,Sí
825,S/E TRES ESQUINAS,SE002,SE002R0013,2,COOPERATIVA DE CONSUMO DE ENERGÍA ELÉCTRICA CHILLÁN LTDA.,Sí,No,Sí
826,S/E COCHARCAS,SE005,SE005R0013,5,COOPERATIVA DE CONSUMO DE ENERGÍA ELÉCTRICA CHILLÁN LTDA.,Sí,No,Sí
827,S/E QUILMO,SE001,SE001R0013,1,COOPERATIVA DE CONSUMO DE ENERGÍA ELÉCTRICA CHILLÁN LTDA.,Sí,No,Sí
828,S/E RECINTO,SE003,SE003R0013,3,COOPERATIVA DE CONSUMO DE ENERGÍA ELÉCTRICA CHILLÁN LTDA.,Sí,Sí,Sí
829,S/E SANTA ELISA,SE004,SE004R0013,4,COOPERATIVA DE CONSUMO DE ENERGÍA ELÉCTRICA CHILLÁN LTDA.,No,No,Sí
832,S/E COSTANERA,SE003,SE003T0055,3,TRANSMISORA ELÉCTRICA CORDILLERA SPA,Sí,Sí,Sí
833,S/E PUENTE ALTO (TEC),SE001,SE001T0055,1,TRANSMISORA ELÉCTRICA CORDILLERA SPA,No,Sí,Sí
834,S/E VIZCACHAS,SE002,SE002T0055,2,TRANSMISORA ELÉCTRICA CORDILLERA SPA,No,Sí,Sí
836,S/E TALTAL (ELECDA),SE284,SE284T0058,284,CGE TRANSMISIÓN S.A.,No,No,Sí
837,S/E CABRERO,SE020,SE020T0003,20,SISTEMA DE TRANSMISIÓN DEL SUR S.A.,No,Sí,Sí
839,S/E IMPERIAL,SE057,SE057T0003,57,SISTEMA DE TRANSMISIÓN DEL SUR S.A.,No,Sí,Sí
840,S/E LICANCO,SE058,SE058T0003,58,SISTEMA DE TRANSMISIÓN DEL SUR S.A.,No,Sí,Sí
841,S/E LOTA,SE059,SE059T0003,59,SISTEMA DE TRANSMISIÓN DEL SUR S.A.,No,Sí,Sí
842,S/E MASISA,SE007,SE007G0018,7,SAGESA S.A.,No,Sí,Sí
843,S/E NEGRETE,SE060,SE060T0003,60,SISTEMA DE TRANSMISIÓN DEL SUR S.A.,No,Sí,Sí
845,S/E EL TOTORAL,SE005,SE005T0060,5,LITORAL TRANSMISIÓN S.A.,No,No,Sí
846,S/E LAS BALANDRAS,SE001,SE001T0060,1,LITORAL TRANSMISIÓN S.A.,No,No,Sí
847,S/E LAS PIÑATAS,SE002,SE002T0060,2,LITORAL TRANSMISIÓN S.A.,No,No,No
848,S/E SAN JERONIMO,SE003,SE003T0060,3,LITORAL TRANSMISIÓN S.A.,No,No,No
850,S/E LINARES NORTE,SE030,SE030T0057,30,CHILQUINTA TRANSMISIÓN S.A.,No,No,Sí
851,S/E PANIMAVIDA,SE031,SE031T0057,31,CHILQUINTA TRANSMISIÓN S.A.,No,No,Sí
852,S/E LONGAVI,SE001,SE001T0059,1,LUZPARRAL TRANSMISIÓN S.A.,No,No,Sí
853,S/E SAN GREGORIO,SE002,SE002T0059,2,LUZPARRAL TRANSMISIÓN S.A.,No,No,No
854,S/E PAILLACO,SE076,SE076T0003,76,SISTEMA DE TRANSMISIÓN DEL SUR S.A.,No,No,Sí
855,S/E AGROSUPER,SE001,SE001L0066,1,AGROCOMERCIAL A.S. LTDA.,No,No,No
857,S/E FUNDICION CHAGRES,SE002,SE002L0008,2,ANGLO AMERICAN CHAGRES,No,No,No
858,S/E EL COBRE (ANGLOAMERICAN),SE001,SE001L0061,1,ANGLO AMERICAN EL SOLDADO,No,No,Sí
860,S/E PHI,SE001,SE001L0022,1,ANGLO AMERICAN LOS BRONCES,No,No,Sí
861,S/E LA ERMITA,SE002,SE002L0022,2,ANGLO AMERICAN LOS BRONCES,Sí,Sí,Sí
862,S/E LOS BRONCES,SE003,SE003L0022,3,ANGLO AMERICAN LOS BRONCES,Sí,Sí,Sí
863,S/E LOS MAITENES,SE004,SE004L0022,4,ANGLO AMERICAN LOS BRONCES,Sí,Sí,Sí
864,S/E SAN FRANCISCO,SE006,SE006L0022,6,ANGLO AMERICAN LOS BRONCES,Sí,Sí,Sí
865,S/E SAG 1,SE008,SE008L0022,8,ANGLO AMERICAN LOS BRONCES,Sí,Sí,Sí
866,S/E SAG 2,SE009,SE009L0022,9,ANGLO AMERICAN LOS BRONCES,No,No,Sí
868,S/E MOLIENDA 3,SE012,SE012L0022,12,ANGLO AMERICAN LOS BRONCES,No,Sí,Sí
869,S/E CONFLUENCIA,SE013,SE013L0022,13,ANGLO AMERICAN LOS BRONCES,Sí,Sí,Sí
870,S/E MANTO VERDE,SE001,SE001L0104,1,MANTOVERDE S.A.,No,Sí,Sí
872,S/E ATACAMA KOZAN,SE001,SE001L0071,1,SOCIEDAD CONTRACTUAL MINERA ATACAMA KOZAN,No,Sí,Sí
873,S/E HUACHIPATO,SE001,SE001L0029,1,COMPAÑÍA SIDERURGICA HUACHIPATO S.A.,Sí,No,Sí
875,S/E CHUMPULLO,SE001,SE001L0080,1,CARTULINAS CMPC SPA,No,No,No
876,S/E PROCART,SE006,SE006L0080,6,CARTULINAS CMPC SPA,No,Sí,Sí
877,S/E CEMENTO MELON,SE001,SE001L0026,1,MELON S.A.,No,No,No
878,S/E PRINCIPAL PLANTA POLPAICO,SE002,SE002L0025,2,CEMENTO POLPAICO S.A.,No,Sí,Sí
879,S/E CEMENTOS BIO BIO,SE001,SE001L0024,1,CEMENTOS BÍO BÍO DEL SUR S.A.,No,Sí,Sí
881,S/E LOS COLORADOS,SE001,SE001L0018,1,COMPAÑÍA MINERA DEL PACÍFICO S.A.,No,Sí,Sí
882,S/E PELLETS,SE002,SE002L0018,2,COMPAÑÍA MINERA DEL PACÍFICO S.A.,No,Sí,Sí
883,S/E MAGNETITA,SE003,SE003L0018,3,COMPAÑÍA MINERA DEL PACÍFICO S.A.,No,Sí,Sí
884,S/E ALGARROBO,SE004,SE004L0018,4,COMPAÑÍA MINERA DEL PACÍFICO S.A.,No,Sí,Sí
886,S/E ROMERAL (CMP),SE006,SE006L0018,6,COMPAÑÍA MINERA DEL PACÍFICO S.A.,No,Sí,No
887,S/E CELULOSA SANTA FE,SE002,SE002A0021,2,CMPC PULP SPA.,Sí,Sí,Sí
888,S/E CELULOSA LAJA,SE005,SE005A0021,5,CMPC PULP SPA.,Sí,Sí,Sí
889,S/E CELULOSA PACIFICO,SE008,SE008A0021,8,CMPC PULP SPA.,Sí,Sí,Sí
890,S/E PLANTA RIO VERGARA,SE007,SE007L0078,7,PAPELES RÍO VERGARA S.A.,No,Sí,Sí
891,S/E PUENTE ALTO (CMPC),SE004,SE004L0079,4,PAPELES CORDILLERA SPA,No,No,Sí
892,S/E MOVIL N°1,SE012,SE012L0077,12,CODELCO CHILE - DIVISIÓN ANDINA,No,No,No
896,S/E KM 21,SE016,SE016L0077,16,CODELCO CHILE - DIVISIÓN ANDINA,No,No,No
897,S/E SALADILLO,SE001,SE001L0077,1,CODELCO CHILE - DIVISIÓN ANDINA,No,No,No
898,S/E SAG,SE002,SE002L0077,2,CODELCO CHILE - DIVISIÓN ANDINA,No,No,No
899,S/E MINA,SE003,SE003L0077,3,CODELCO CHILE - DIVISIÓN ANDINA,No,No,No
900,S/E MOLINOS,SE004,SE004L0077,4,CODELCO CHILE - DIVISIÓN ANDINA,No,No,No
901,S/E SPPC,SE005,SE005L0077,5,CODELCO CHILE - DIVISIÓN ANDINA,No,No,No
902,S/E CORDILLERA (ANDINA),SE006,SE006L0077,6,CODELCO CHILE - DIVISIÓN ANDINA,No,No,No
903,S/E DON LUIS NIVEL 8,SE007,SE007L0077,7,CODELCO CHILE - DIVISIÓN ANDINA,No,No,No
904,S/E MOLINO DE BOLAS,SE008,SE008L0077,8,CODELCO CHILE - DIVISIÓN ANDINA,No,No,No
905,S/E EM N°1,SE009,SE009L0077,9,CODELCO CHILE - DIVISIÓN ANDINA,No,No,No
906,S/E EM N°2,SE010,SE010L0077,10,CODELCO CHILE - DIVISIÓN ANDINA,No,No,No
907,S/E REFUGIO KM 21,SE011,SE011L0077,11,CODELCO CHILE - DIVISIÓN ANDINA,No,No,No
908,S/E EL SALVADOR,SE001,SE001L0075,1,CODELCO CHILE - DIVISIÓN EL SALVADOR,No,No,No
909,S/E POTRERILLOS,SE002,SE002L0075,2,CODELCO CHILE - DIVISIÓN EL SALVADOR,No,No,No
910,TAP OFF LLANTA,SE003,SE003L0075,3,CODELCO CHILE - DIVISIÓN EL SALVADOR,No,No,No
912,S/E COLON,SE005,SE005L0020,5,CODELCO CHILE - DIVISIÓN EL TENIENTE,No,No,No
913,S/E CORDILLERA (EL TENIENTE),SE003,SE003L0020,3,CODELCO CHILE - DIVISIÓN EL TENIENTE,No,No,No
914,S/E EL COBRE (CODELCO),SE004,SE004L0020,4,CODELCO CHILE - DIVISIÓN EL TENIENTE,No,No,No
915,S/E CODELCO VENTANAS 1,SE001,SE001L0076,1,CODELCO CHILE - DIVISIÓN VENTANAS,No,No,No
917,S/E CRISTALERIAS,SE001,SE001L0062,1,CRISTALERÍAS DE CHILE S.A.,No,No,No
918,S/E RUNGUE (FFCC),SE002,SE002L0011,2,EMPRESA DE LOS FERROCARRILES DEL ESTADO,No,No,No
919,S/E LO ESPEJO (FFCC),SE003,SE003L0011,3,EMPRESA DE LOS FERROCARRILES DEL ESTADO,No,No,No
921,S/E LOS ANDES (FFCC),SE011,SE011T0057,11,CHILQUINTA TRANSMISIÓN S.A.,No,No,Sí
922,S/E SAN PEDRO (FFCC),SE006,SE006L0011,6,EMPRESA DE LOS FERROCARRILES DEL ESTADO,No,No,No
923,S/E LOS GUINDOS (FFCC),SE007,SE007L0011,7,EMPRESA DE LOS FERROCARRILES DEL ESTADO,No,No,No
924,S/E HOSPITAL (FFCC),SE008,SE008L0011,8,EMPRESA DE LOS FERROCARRILES DEL ESTADO,No,No,No
925,S/E GRANEROS (FFCC),SE009,SE009L0011,9,EMPRESA DE LOS FERROCARRILES DEL ESTADO,No,No,No
926,S/E LOS LIRIOS (FFCC),SE010,SE010L0011,10,EMPRESA DE LOS FERROCARRILES DEL ESTADO,No,No,No
927,S/E RENGO (FFCC),SE011,SE011L0011,11,EMPRESA DE LOS FERROCARRILES DEL ESTADO,No,No,No
928,S/E SAN FERNANDO (FFCC),SE012,SE012L0011,12,EMPRESA DE LOS FERROCARRILES DEL ESTADO,No,No,No
929,S/E QUINTA (FFCC),SE013,SE013L0011,13,EMPRESA DE LOS FERROCARRILES DEL ESTADO,No,No,No
930,S/E CURICO (FFCC),SE014,SE014L0011,14,EMPRESA DE LOS FERROCARRILES DEL ESTADO,No,No,No
931,S/E ITAHUE (FFCC),SE015,SE015L0011,15,EMPRESA DE LOS FERROCARRILES DEL ESTADO,No,No,No
932,S/E PANGUILEMO (FFCC),SE016,SE016L0011,16,EMPRESA DE LOS FERROCARRILES DEL ESTADO,No,No,No
933,S/E VILLA ALEGRE (FFCC),SE017,SE017L0011,17,EMPRESA DE LOS FERROCARRILES DEL ESTADO,No,No,No
934,S/E LONGAVI (FFCC),SE018,SE018L0011,18,EMPRESA DE LOS FERROCARRILES DEL ESTADO,No,No,No
935,S/E NIQUEN (FFCC),SE019,SE019L0011,19,EMPRESA DE LOS FERROCARRILES DEL ESTADO,No,No,No
936,S/E COCHARCAS (FFCC),SE020,SE020L0011,20,EMPRESA DE LOS FERROCARRILES DEL ESTADO,No,No,No
937,S/E BULNES (FFCC),SE021,SE021L0011,21,EMPRESA DE LOS FERROCARRILES DEL ESTADO,No,No,No
939,S/E LAJA (FFCC),SE023,SE023L0011,23,EMPRESA DE LOS FERROCARRILES DEL ESTADO,No,No,No
940,S/E RENAICO (FFCC),SE024,SE024L0011,24,EMPRESA DE LOS FERROCARRILES DEL ESTADO,No,No,No
942,S/E VICTORIA (FFCC),SE026,SE026L0011,26,EMPRESA DE LOS FERROCARRILES DEL ESTADO,No,No,No
943,S/E CONCEPCION (FFCC),SE027,SE027L0011,27,EMPRESA DE LOS FERROCARRILES DEL ESTADO,No,No,No
946,S/E EKA CHILE,SE001,SE001L0015,1,EKA CHILE S.A.,Sí,Sí,Sí
948,S/E FUNDICION PAIPOTE,SE001,SE001L0030,1,"EMPRESA NACIONAL DE MINERÍA, FUNDICIÓN HERNÁN VIDELA LIRA",No,No,Sí
949,S/E MAUCO,SE001,SE001L0002,1,ENAP REFINERIAS S.A. - ACONCAGUA,No,No,No
950,S/E ERBB,SE001,SE001L0034,1,ENAP REFINERÍAS S.A.,No,No,Sí
951,S/E ERBB-2,SE002,SE002L0034,2,ENAP REFINERÍAS S.A.,No,No,No
952,S/E PAJONALES,SE001,SE001L0013,1,EUROPEAN SOUTHERN OBSERVATORY,No,No,Sí
954,S/E R,SE002,SE002L0064,2,FUNDICIÓN TALLERES LTDA.,No,No,No
955,S/E R2,SE003,SE003L0064,3,FUNDICIÓN TALLERES LTDA.,No,No,No
956,S/E GNL QUINTERO,SE001,SE001L0067,1,GNL QUINTERO S.A.,Sí,Sí,Sí
958,S/E GRANEROS INDURA,SE001,SE001L0004,1,INDURA S.A.,No,No,Sí
959,S/E LIRQUEN INDURA,SE002,SE002L0004,2,INDURA S.A.,No,No,Sí
960,S/E MAPAL,SE002,SE002G0018,2,SAGESA S.A.,No,Sí,Sí
962,S/E FIBRANOVA,SE003,SE003L0044,3,MASISA S.A.,No,No,Sí
963,S/E METRO,SE001,SE001L0014,1,EMPRESA DE TRANSPORTE DE PASAJEROS METRO S.A.,No,No,No
964,S/E MINERA FRANKE,SE001,SE001L0073,1,SOCIEDAD CONTRACTUAL MINERA FRANKE,Sí,No,No
965,S/E MINERA LA CANDELARIA,SE001,SE001L0057,1,COMPAÑÍA CONTRACTUAL MINERA CANDELARIA,No,Sí,Sí
966,S/E LAS LUCES,SE001,SE001L0070,1,MINERA LAS CENIZAS S.A.,Sí,Sí,Sí
967,S/E PLANTA OXIDO,SE002,SE002L0070,2,MINERA LAS CENIZAS S.A.,Sí,Sí,Sí
968,S/E CABILDO (DREIM),SE003,SE003L0070,3,MINERA LAS CENIZAS S.A.,No,No,No
969,S/E LA COIPA,SE001,SE001L0053,1,CIA. MINERA MANTOS DE ORO,No,No,No
972,S/E MINERA MARICUNGA,SE001,SE001L0050,1,COMPAÑÍA MINERA MARICUNGA,No,No,Sí
973,S/E MINERA OJOS DEL SALADO,SE001,SE001L0052,1,COMPAÑÍA CONTRACTUAL MINERA OJOS DEL SALADO,No,No,No
974,S/E LOS PIUQUENES,SE001,SE001L0051,1,MINERA LOS PELAMBRES,Sí,Sí,Sí
975,S/E MAURO,SE002,SE002L0051,2,MINERA LOS PELAMBRES,Sí,Sí,Sí
977,S/E MINERA TECK CDA 110 KV,SE001,SE001L0059,1,COMPAÑÍA MINERA TECK CARMEN DE ANDACOLLO,No,Sí,Sí
978,S/E MINERA TECK CDA 220 KV,SE003,SE003L0059,3,COMPAÑÍA MINERA TECK CARMEN DE ANDACOLLO,No,No,No
979,S/E MINERA VALLE CENTRAL,SE001,SE001L0049,1,MINERA VALLE CENTRAL S.A.,No,No,Sí
980,S/E OXY,SE001,SE001L0043,1,OCCIDENTAL CHEMICAL CHILE LTDA.,No,No,Sí
982,S/E PAPELERA BIO BIO,SE001,SE001L0666,1,PAPELERA DOS S.A.,No,No,No
984,S/E PETROQUIM,SE001,SE001L0035,1,PETROQUIM S.A.,No,No,Sí
993,S/E FPC,SE066,SE066L0081,66,FORESTAL Y PAPELERA CONCEPCIÓN S.A.,No,No,No
995,S/E TAP OFF PUNTA PEUCO,SE003,SE003T0048,3,COMPAÑÍA TRANSMISORA DEL NORTE GRANDE S.A.,Sí,Sí,Sí
997,TAP OFF PORTO VIENTO,SE218,SE218T0058,218,CGE TRANSMISIÓN S.A.,No,No,No
998,TAP OFF POLPAICO,SE095,SE095T0058,95,CGE TRANSMISIÓN S.A.,No,No,No
999,TAP OFF GRANEROS,SE097,SE097T0058,97,CGE TRANSMISIÓN S.A.,No,No,No
1000,TAP OFF HOSPITAL,SE098,SE098T0058,98,CGE TRANSMISIÓN S.A.,No,No,No
1001,TAP OFF LA PALOMA,SE099,SE099T0058,99,CGE TRANSMISIÓN S.A.,No,No,No
1002,TAP OFF LOMA COLORADA,SE101,SE101T0058,101,CGE TRANSMISIÓN S.A.,No,No,No
1004,TAP OFF NIQUEN,SE104,SE104T0058,104,CGE TRANSMISIÓN S.A.,No,No,No
1005,TAP OFF VICTORIA FFCC,SE105,SE105T0058,105,CGE TRANSMISIÓN S.A.,No,No,No
1006,TAP OFF QUINTA,SE106,SE106T0058,106,CGE TRANSMISIÓN S.A.,Sí,Sí,No
1007,TAP OFF RENGO,SE107,SE107T0058,107,CGE TRANSMISIÓN S.A.,No,No,No
1010,TAP OFF TRES ESQUINAS,SE113,SE113T0058,113,CGE TRANSMISIÓN S.A.,No,No,No
1011,TAP OFF METRENCO,SE114,SE114T0058,114,CGE TRANSMISIÓN S.A.,No,No,No
1013,TAP OFF LONGAVI,SE122,SE122T0058,122,CGE TRANSMISIÓN S.A.,No,No,No
1014,TAP OFF RENAICO,SE123,SE123T0058,123,CGE TRANSMISIÓN S.A.,No,No,No
1016,TAP OFF LAUTARO FFCC,SE125,SE125T0058,125,CGE TRANSMISIÓN S.A.,No,No,No
1017,TAP OFF LOS LIRIOS,SE138,SE138T0058,138,CGE TRANSMISIÓN S.A.,No,No,No
1021,TAP OFF CERRO CHEPE,SE143,SE143T0058,143,CGE TRANSMISIÓN S.A.,No,No,No
1023,TAP OFF SAN GREGORIO,SE153,SE153T0058,153,CGE TRANSMISIÓN S.A.,No,No,No
1033,TAP OFF PUNTA DE CORTES,SE042,SE042T0002,42,TRANSELEC S.A.,Sí,Sí,No
1035,TAP OFF TILCOCO,SE044,SE044T0002,44,TRANSELEC S.A.,No,No,No
1044,TAP OFF EL EDEN,SE163,SE163T0058,163,CGE TRANSMISIÓN S.A.,No,No,Sí
1045,TAP OFF ALTO MELIPILLA (CGE),SE199,SE199T0058,199,CGE TRANSMISIÓN S.A.,No,Sí,Sí
1050,TAP OFF NIHUE,SE194,SE194T0058,194,CGE TRANSMISIÓN S.A.,No,No,Sí
1052,S/E TAP OFF LA LAJA,SE009,SE009G0010,9,AES ANDES S.A.,Sí,No,Sí
1056,S/E EL LLANO,SE030,SE030T0061,30,ALFA TRANSMISORA DE ENERGÍA S.A.,No,Sí,Sí
1058,TAP OFF CENTRAL ESCUADRON,SE002,SE002G0032,2,ELÉCTRICA NUEVA ENERGÍA S.A.,No,No,No
1059,TAP OFF MINERA VALLE CENTRAL,SE003,SE003L0049,3,MINERA VALLE CENTRAL S.A.,No,No,No
1098,S/E TAP OFF ACHUPALLAS,SE026,SE026T0057,26,CHILQUINTA TRANSMISIÓN S.A.,No,No,No
1102,S/E TAP OFF PACHACAMA (CTNG),SE004,SE004T0048,4,COMPAÑÍA TRANSMISORA DEL NORTE GRANDE S.A.,No,No,No
1106,S/E TAP OFF QUINTAY,SE034,SE034T0057,34,CHILQUINTA TRANSMISIÓN S.A.,No,No,No
1114,S/E TAP OFF EL MANZANO (LITORAL),SE004,SE004T0060,4,LITORAL TRANSMISIÓN S.A.,No,No,No
1118,S/E SANTA FILOMENA,SE014,SE014L0022,14,ANGLO AMERICAN LOS BRONCES,Sí,Sí,Sí
1121,TAP OFF PUNTA TORO,SE005,SE005L0018,5,COMPAÑÍA MINERA DEL PACÍFICO S.A.,No,Sí,No
1122,S/E CODELCO VENTANAS 2,SE002,SE002L0076,2,CODELCO CHILE - DIVISIÓN VENTANAS,No,No,No
1125,TAP OFF MAESTRANZA,SE001,SE001L0064,1,FUNDICIÓN TALLERES LTDA.,No,No,No
1127,S/E SEAT EL SOL,SE001,SE001L0068,1,EFE VALPARAÍSO S.A.,Sí,Sí,Sí
1128,S/E SER EL SALTO,SE002,SE002L0068,2,EFE VALPARAÍSO S.A.,Sí,Sí,Sí
1129,S/E SER VILLA ALEMANA,SE003,SE003L0068,3,EFE VALPARAÍSO S.A.,Sí,Sí,Sí
1130,S/E SER PORTALES,SE004,SE004L0068,4,EFE VALPARAÍSO S.A.,Sí,Sí,Sí
1131,TAP OFF MAURO,SE001,SE001T0025,1,EMPRESA DE TRANSMISIÓN ELÉCTRICA TRANSEMEL S.A.,Sí,Sí,Sí
1552,TAP OFF CODELCO VENTANAS,SE003,SE003L0076,3,CODELCO CHILE - DIVISIÓN VENTANAS,No,No,No
1563,S/E PUNTA PEUCO (CEMENTO POLPAICO),SE001,SE001L0025,1,CEMENTO POLPAICO S.A.,No,No,No
1595,S/E PUENTE ALTO (CMPC)(EL RACO),SE002,SE002G0028,2,EMPRESA ELÉCTRICA INDUSTRIAL S.A.,No,No,No
1606,S/E BICENTENARIO,SE087,SE087T0835,87,SOCIEDAD TRANSMISORA METROPOLITANA S.A.,Sí,Sí,Sí
1613,S/E NIRIVILO,SE211,SE211T0058,211,CGE TRANSMISIÓN S.A.,Sí,Sí,Sí
1615,S/E SF ENERGIA,SE001,SE001G0088,1,BIOENERGÍAS FORESTALES SPA,Sí,Sí,Sí
1616,S/E PLANTA VIÑALES,SE004,SE004L0003,4,MADERAS ARAUCO S.A.,No,Sí,Sí
1620,S/E MARIQUINA,SE035,SE035T0003,35,SISTEMA DE TRANSMISIÓN DEL SUR S.A.,Sí,Sí,Sí
1621,S/E ANTILLANCA,SE034,SE034T0003,34,SISTEMA DE TRANSMISIÓN DEL SUR S.A.,Sí,Sí,Sí
1622,S/E RIO BONITO,SE033,SE033T0003,33,SISTEMA DE TRANSMISIÓN DEL SUR S.A.,Sí,Sí,Sí
1625,S/E LA LAJA ENERGIA COYANCO,SE002,SE002G0065,2,ENERGÍA COYANCO S.A.,Sí,No,Sí
1630,S/E CERRO NEGRO,SE002,SE002L0072,2,COMPAÑÍA MINERA CERRO NEGRO S.A.,No,No,No
1631,S/E CANETE,SE062,SE062T0003,62,SISTEMA DE TRANSMISIÓN DEL SUR S.A.,Sí,No,Sí
1632,S/E LOS SAUCES,SE063,SE063T0003,63,SISTEMA DE TRANSMISIÓN DEL SUR S.A.,Sí,No,Sí
1634,S/E MARISCAL,SE247,SE247T0058,247,CGE TRANSMISIÓN S.A.,Sí,Sí,Sí
1636,S/E PAPELERA TALAGANTE,SE249,SE249T0058,249,CGE TRANSMISIÓN S.A.,Sí,Sí,Sí
1638,S/E CENTRAL PROVIDENCIA,SE002,SE002G0071,2,HIDROELÉCTRICA RÍO LIRCAY S.A.,Sí,Sí,Sí
1640,S/E YERBAS BUENAS,SE032,SE032T0057,32,CHILQUINTA TRANSMISIÓN S.A.,No,No,No
1642,S/E RAPEL,SE094,SE094T0002,94,TRANSELEC S.A.,No,No,No
1646,S/E ANTUCO (TRANSELEC),SE098,SE098T0002,98,TRANSELEC S.A.,Sí,Sí,Sí
1649,S/E CASERONES,SE001,SE001L0100,1,COMPAÑÍA SCM MINERA LUMINA COPPER CHILE,Sí,Sí,Sí
1650,S/E JORQUERA,SE002,SE002L0100,2,COMPAÑÍA SCM MINERA LUMINA COPPER CHILE,Sí,Sí,Sí
1651,S/E CERRO NEGRO NORTE,SE007,SE007L0203,7,TECNOCAP S.A.,Sí,Sí,Sí
1652,S/E TOTORALILLO (CAP CMP),SE008,SE008L0203,8,TECNOCAP S.A.,Sí,Sí,Sí
1653,S/E CENTRAL SDGX01,SE003,SE003G1034,3,FLORIDA ENERGÍA SPA,No,No,No
1654,S/E CENTRAL SANTA MARTA,SE001,SE001G0111,1,CONSORCIO SANTA MARTA S.A.,No,No,No
1655,TAP OFF SANTA MARTA,SE002,SE002G0111,2,CONSORCIO SANTA MARTA S.A.,Sí,Sí,No
1656,S/E MONTERRICO,SE251,SE251T0058,251,CGE TRANSMISIÓN S.A.,No,No,No
1658,TAP OFF EL NEVADO,SE253,SE253T0058,253,CGE TRANSMISIÓN S.A.,Sí,Sí,Sí
1659,S/E CENTRAL RIO HUASCO,SE001,SE001G0117,1,HIDROELÉCTRICA RÍO HUASCO S.A.,No,No,No
1660,S/E CENTRAL CHACAYES,SE002,SE002G0101,2,PACIFIC HYDRO CHACAYES S.A.,No,No,No
1662,S/E MULCHEN,SE015,SE015T0061,15,ALFA TRANSMISORA DE ENERGÍA S.A.,No,No,No
1663,S/E PILAUCO,SE036,SE036T0003,36,SISTEMA DE TRANSMISIÓN DEL SUR S.A.,Sí,Sí,Sí
1664,S/E RAHUE,SE100,SE100T0002,100,TRANSELEC S.A.,Sí,Sí,Sí
1667,S/E CENTRAL SAN ANDRES (HSA),SE001,SE001G0118,1,HIDROELÉCTRICA SAN ANDRÉS SPA,No,No,No
1668,S/E SECCIONADORA LLANO DE LLAMPOS,SE001,SE001G0119,1,AMANECER SOLAR SPA,No,No,No
1669,S/E CENTRAL LLANO DE LLAMPOS,SE002,SE002G0119,2,AMANECER SOLAR SPA,No,No,No
1671,S/E CENTRAL SAN ANDRES (SAN ANDRES SPA),SE002,SE002G0120,2,SAN ANDRÉS SPA,No,No,No
1673,S/E CENTRAL TALINAY ORIENTE,SE001,SE001G0104,1,PARQUE TALINAY ORIENTE S.A.,Sí,Sí,Sí
1675,TAP OFF TALINAY,SE002,SE002G0104,2,PARQUE TALINAY ORIENTE S.A.,Sí,Sí,Sí
1676,S/E PICOLTUE,SE064,SE064T0003,64,SISTEMA DE TRANSMISIÓN DEL SUR S.A.,No,No,No
1679,S/E CANAL MELADO,SE007,SE007T0002,7,TRANSELEC S.A.,No,Sí,Sí
1680,S/E CENTRAL LOS HIERROS,SE002,SE002G0112,2,EMPRESA ELÉCTRICAS AGUAS DEL MELADO SPA,Sí,Sí,Sí
1681,S/E CENTRAL CUEL,SE001,SE001G0122,1,AELA EÓLICA NEGRETE SPA,Sí,Sí,Sí
1686,S/E TRAVESIA,SE002,SE002L0057,2,COMPAÑÍA CONTRACTUAL MINERA CANDELARIA,Sí,Sí,Sí
1687,S/E PUNTA PADRONES,SE003,SE003L0057,3,COMPAÑÍA CONTRACTUAL MINERA CANDELARIA,Sí,Sí,Sí
1689,S/E CENTRAL LAJA 1,SE003,SE003G0050,3,EÓLICA MONTE REDONDO SPA,Sí,Sí,Sí
1692,S/E BOSQUEMAR,SE057,SE057T0057,57,CHILQUINTA TRANSMISIÓN S.A.,No,No,No
1693,S/E PLANTA MDP TENO,SE003,SE003L0003,3,MADERAS ARAUCO S.A.,No,Sí,Sí
1697,S/E DON GOYO,SE001,SE001T0038,1,SONNEDIX DON GOYO TRANSMISIÓN S.A.,No,No,No
1698,S/E CENTRAL EL ARRAYAN,SE002,SE002G0130,2,PARQUE EÓLICO EL ARRAYÁN SPA,No,No,No
1699,S/E PLANTA DESALADORA Y BOMBEO N°1,SE003,SE003L0104,3,MANTOVERDE S.A.,No,No,No
1700,S/E CENTRAL LA CEBADA,SE064,SE064T0050,64,COMPAÑÍA TRANSMISORA LA CEBADA S.A.,Sí,Sí,Sí
1701,S/E BOMBEO 2,SE004,SE004L0104,4,MANTOVERDE S.A.,Sí,Sí,Sí
1702,S/E CENTRAL ANGOSTURA,SE018,SE018G0004,18,COLBÚN S.A.,No,No,No
1703,S/E CENTRAL SAN PEDRO DALCAHUE,SE001,SE001G0136,1,ALBA SPA,Sí,Sí,Sí
1704,S/E EB2,SE009,SE009L0149,9,CLEANAIRTECH SUDAMÉRICA S.A.,Sí,Sí,Sí
1706,S/E CEMENTOS BIO BIO CENTRO,SE002,SE002D0001,2,CBB CALES S.A.,No,No,No
1707,S/E CENTRAL SAUZALITO,SE024,SE024G0021,24,ENEL GENERACIÓN CHILE S.A.,No,No,No
1708,S/E RUCATAYO,SE001,SE001T0017,1,TRANSRUCATAYO S.A.,Sí,Sí,Sí
1709,S/E PICHIRRAHUE,SE002,SE002T0017,2,TRANSRUCATAYO S.A.,Sí,Sí,Sí
1711,S/E CENTRAL UCUQUER,SE109,SE109T0058,109,CGE TRANSMISIÓN S.A.,No,No,No
1716,S/E CIRUELITO,SE010,SE010R0013,10,COOPERATIVA DE CONSUMO DE ENERGÍA ELÉCTRICA CHILLÁN LTDA.,Sí,Sí,Sí
1717,S/E LOS TAMBORES,SE037,SE037T0003,37,SISTEMA DE TRANSMISIÓN DEL SUR S.A.,Sí,Sí,Sí
1718,S/E CENTRAL PUNTA PALMERAS,SE001,SE001G0144,1,PUNTA PALMERAS S.A.,No,No,No
1720,S/E CENTRAL PARQUE EOLICO TALTAL,SE012,SE012G0292,12,ENEL GREEN POWER CHILE S.A.,No,No,No
1723,S/E CENTRAL LALACKAMA,SE013,SE013G0292,13,ENEL GREEN POWER CHILE S.A.,No,No,No
1724,TAP OFF CHAÑARES,SE014,SE014G0292,14,ENEL GREEN POWER CHILE S.A.,No,No,No
1725,S/E CENTRAL CHAÑARES,SE015,SE015G0292,15,ENEL GREEN POWER CHILE S.A.,No,No,No
1726,S/E CENTRAL LOS HIERROS II,SE001,SE001G0145,1,EMPRESA ELÉCTRICA PORTEZUELO SPA,Sí,Sí,Sí
1728,S/E ALTO BONITO,SE073,SE073T0003,73,SISTEMA DE TRANSMISIÓN DEL SUR S.A.,No,No,No
1731,S/E GORBEA,SE255,SE255T0058,255,CGE TRANSMISIÓN S.A.,No,No,No
1735,S/E CENTRAL PV SALVADOR,SE002,SE002G0141,2,PV SALVADOR S.A.,No,No,No
1736,S/E CENTRAL PULELFU,SE001,SE001G0148,1,EMPRESA ELÉCTRICA LA LEONERA S.A.,No,No,No
1737,TAP OFF COYANCO,SE257,SE257T0058,257,CGE TRANSMISIÓN S.A.,No,No,No
1739,TAP OFF TALTAL,SE065,SE065T0002,65,TRANSELEC S.A.,Sí,Sí,Sí
1740,S/E CENTRAL PICOIQUEN,SE001,SE001G0150,1,HIDROANGOL SPA,Sí,Sí,Sí
1741,S/E CHICUREO,SE115,SE115T0835,115,SOCIEDAD TRANSMISORA METROPOLITANA S.A.,No,No,No
1742,S/E CENTRAL JAVIERA,SE001,SE001G0168,1,JAVIERA SPA,No,No,No
1743,S/E CENTRAL LOS GUINDOS,SE001,SE001G0149,1,LOS GUINDOS GENERACIÓN SPA,Sí,Sí,Sí
1744,S/E CENTRAL LUZ DEL NORTE,SE001,SE001G0171,1,PARQUE SOLAR FOTOVOLTAICO LUZ DEL NORTE SPA,No,No,No
1745,S/E MOVIL N°2,SE013,SE013L0077,13,CODELCO CHILE - DIVISIÓN ANDINA,No,No,No
1746,S/E SECCIONADORA LO AGUIRRE,SE102,SE102T0002,102,TRANSELEC S.A.,No,No,No
1747,S/E CENTRAL LLAUQUEREO,SE001,SE001G0147,1,HIDROELÉCTRICA LLEUQUEREO S.A.,No,No,No
1748,S/E CENTRAL CAREN BAJO,SE001,SE001G0177,1,EMPRESA ELÉCTRICA CARÉN S.A.,No,No,No
1749,S/E MELIPEUCO,SE001,SE001T0062,1,TRANSMISORA MELIPEUCO S.A.,No,No,No
1750,S/E TAP OFF RIO TOLTEN,SE002,SE002T0062,2,TRANSMISORA MELIPEUCO S.A.,No,No,No
1751,S/E NUEVA NIVEL 17,SE017,SE017L0077,17,CODELCO CHILE - DIVISIÓN ANDINA,No,No,No
1752,S/E NUEVA NIVEL 11,SE018,SE018L0077,18,CODELCO CHILE - DIVISIÓN ANDINA,No,No,No
1753,S/E CENTRAL EL PASO,SE001,SE001G0179,1,HIDROELÉCTRICA EL PASO SPA,No,No,No
1754,S/E TAP OFF SANTA CLARA,SE111,SE111G0019,111,ELÉCTRICA PUNTILLA S.A.,No,No,No
1755,S/E CENTRAL ITATA,SE005,SE005G0019,5,ELÉCTRICA PUNTILLA S.A.,Sí,Sí,Sí
1756,S/E PICHIL,SE038,SE038T0003,38,SISTEMA DE TRANSMISIÓN DEL SUR S.A.,Sí,Sí,Sí
1757,S/E PEÑABLANCA,SE058,SE058T0057,58,CHILQUINTA TRANSMISIÓN S.A.,No,No,No
1758,S/E CACHIYUYAL,SE004,SE004G0975,4,ARCADIA GENERACIÓN SOLAR S.A.,No,No,No
1759,S/E CENTRAL PAMPA NORTE,SE006,SE006G0975,6,ARCADIA GENERACIÓN SOLAR S.A.,No,No,No
1761,S/E COPIHUES,SE039,SE039T0003,39,SISTEMA DE TRANSMISIÓN DEL SUR S.A.,No,No,No
1762,S/E MINERA DAYTON,SE034,SE034T0058,34,CGE TRANSMISIÓN S.A.,No,No,No
1763,S/E SEWELL,SE006,SE006L0020,6,CODELCO CHILE - DIVISIÓN EL TENIENTE,No,No,No
1764,S/E GALLEGUILLOS,SE260,SE260T0058,260,CGE TRANSMISIÓN S.A.,Sí,Sí,Sí
1765,S/E COPAYAPU,SE261,SE261T0058,261,CGE TRANSMISIÓN S.A.,Sí,Sí,Sí
1766,S/E CENTRAL ANDES GENERACION,SE001,SE001G0146,1,ANDES GENERACIÓN SPA,Sí,No,Sí
1767,S/E PASTORA,SE007,SE007G0975,7,ARCADIA GENERACIÓN SOLAR S.A.,No,No,No
1768,S/E NUEVA PELLETS,SE010,SE010L0018,10,COMPAÑÍA MINERA DEL PACÍFICO S.A.,No,No,No
1769,S/E CENTRAL RENAICO (ESPINOS S.A.),SE005,SE005G0042,5,ESPINOS S.A.,No,No,No
1770,S/E CENTRAL ALTO RENAICO,SE003,SE003G0042,3,ESPINOS S.A.,No,No,No
1771,S/E NAHUELBUTA,SE066,SE066T0003,66,SISTEMA DE TRANSMISIÓN DEL SUR S.A.,No,No,No
1772,S/E DALCAHUE,SE040,SE040T0003,40,SISTEMA DE TRANSMISIÓN DEL SUR S.A.,No,No,No
1773,TAP OFF BUREO,SE008,SE008G0292,8,ENEL GREEN POWER CHILE S.A.,No,No,No
1774,S/E PARQUE EOLICO RENAICO,SE005,SE005G0292,5,ENEL GREEN POWER CHILE S.A.,No,No,No
1775,S/E CENTRAL PARQUE EOLICO LOS BUENOS AIRES,SE009,SE009G0292,9,ENEL GREEN POWER CHILE S.A.,No,No,No
1776,S/E CENTRAL LA SILLA,SE010,SE010G0292,10,ENEL GREEN POWER CHILE S.A.,No,No,No
1777,S/E CENTRAL FLORIDA 2 (SCM),SE003,SE003G0012,3,ASOC. DE CANAL. SOCIEDAD DEL CANAL DE MAIPO,Sí,Sí,Sí
1778,S/E CENTRAL FLORIDA 3 (SCM),SE004,SE004G0012,4,ASOC. DE CANAL. SOCIEDAD DEL CANAL DE MAIPO,Sí,Sí,Sí
1779,S/E CENTRAL QUILAPILUN,SE001,SE001G0188,1,CHUNGUNGO S.A.,No,No,No
1780,S/E CENTRAL EL RINCON,SE006,SE006G0012,6,ASOC. DE CANAL. SOCIEDAD DEL CANAL DE MAIPO,Sí,Sí,Sí
1781,S/E CENTRAL PARQUE SOLAR LOS LOROS,SE001,SE001G0194,1,SOLAR LOS LOROS SPA,No,No,No
1782,S/E PULELFU,SE002,SE002G0005,2,EMPRESA ELÉCTRICA CAPULLO S.A.,No,No,No
1783,S/E CONEJO,SE006,SE006G0195,6,CONEJO SOLAR SPA,No,No,No
1784,S/E SECCIONADORA FRANCISCO,SE007,SE007G0195,7,CONEJO SOLAR SPA,No,No,No
1786,TAP OFF LALACKAMA,SE016,SE016G0292,16,ENEL GREEN POWER CHILE S.A.,No,No,No
1788,S/E CENTRAL PARQUE EOLICO LA ESPERANZA,SE001,SE001G0200,1,EÓLICA LA ESPERANZA S.A.,No,No,No
1789,S/E CENTRAL CARDONES SOLAR I,SE002,SE002G0047,2,CENTRAL CARDONES S.A.,No,No,No
1790,S/E CERRO NAVIA (STM),SE050,SE050T0835,50,SOCIEDAD TRANSMISORA METROPOLITANA S.A.,No,No,No
1791,S/E CENTRAL SANTIAGO SOLAR,SE001,SE001G0203,1,SANTIAGO SOLAR S.A.,No,No,No
1792,S/E CENTRAL PARQUE EOLICO SAN JUAN,SE001,SE001G0204,1,SAN JUAN S.A.,No,No,No
1793,S/E NUEVA CARDONES,SE001,SE001T0022,1,INTERCHILE S.A.,No,No,No
1794,S/E NUEVA MAITENCILLO,SE002,SE002T0022,2,INTERCHILE S.A.,No,No,No
1795,S/E NUEVA PAN DE AZUCAR,SE003,SE003T0022,3,INTERCHILE S.A.,No,No,No
1797,S/E 10,SE001,SE001L0135,1,CODELCO CHILE - DIVISIÓN CHUQUICAMATA,No,No,No
1798,S/E 10A,SE002,SE002L0135,2,CODELCO CHILE - DIVISIÓN CHUQUICAMATA,No,No,No
1799,S/E 360,SE003,SE003L0120,3,MINERA ESCONDIDA LTDA.,No,No,No
1800,S/E 401,SE004,SE004L0120,4,MINERA ESCONDIDA LTDA.,No,No,No
1801,S/E 403,SE005,SE005L0120,5,MINERA ESCONDIDA LTDA.,No,No,No
1802,S/E 404,SE006,SE006L0120,6,MINERA ESCONDIDA LTDA.,No,No,No
1803,S/E 405,SE007,SE007L0120,7,MINERA ESCONDIDA LTDA.,No,No,No
1804,S/E 415,SE008,SE008L0120,8,MINERA ESCONDIDA LTDA.,No,No,No
1805,S/E 416,SE009,SE009L0120,9,MINERA ESCONDIDA LTDA.,No,No,No
1806,S/E 418,SE010,SE010L0120,10,MINERA ESCONDIDA LTDA.,No,No,No
1807,S/E 640,SE011,SE011L0120,11,MINERA ESCONDIDA LTDA.,No,No,No
1808,S/E 940,SE012,SE012L0120,12,MINERA ESCONDIDA LTDA.,No,No,No
1809,S/E A,SE013,SE013L0135,13,CODELCO CHILE - DIVISIÓN CHUQUICAMATA,No,No,No
1810,S/E ACL,SE014,SE014L0108,14,"ECOMETALES LIMITED, AGENCIA EN CHILE",No,No,No
1811,S/E AGUAS BLANCAS,SE015,SE015L0115,15,ATACAMA MINERALS CHILE S.C.M.,No,No,No
1812,S/E ALTO HOSPICIO,SE280,SE280T0058,280,CGE TRANSMISIÓN S.A.,No,No,No
1813,S/E ALTO NORTE,SE017,SE017L0134,17,COMPLEJO METALÚRGICO ALTONORTE S.A.,No,No,No
1814,S/E ANDES (AES ANDES),SE054,SE054G0010,54,AES ANDES S.A.,Sí,Sí,Sí
1815,S/E ANDES SOLAR,SE055,SE055G1076,55,ANDES SOLAR SPA,Sí,Sí,Sí
1816,S/E ANGAMOS,SE020,SE020G0213,20,EMPRESA ELÉCTRICA ANGAMOS SPA,No,No,No
1817,S/E ANTOFAGASTA,SE021,SE021G0216,21,ENGIE ENERGÍA CHILE S.A.,No,No,No
1818,S/E ANTUCOYA,SE022,SE022L0114,22,MINERA ANTUCOYA,No,No,No
1819,S/E ARICA,SE023,SE023G0216,23,ENGIE ENERGÍA CHILE S.A.,No,No,No
1820,S/E ATACAMA,SE106,SE106T0002,106,TRANSELEC S.A.,No,No,No
1821,S/E BOOSTER,SE025,SE025L0120,25,MINERA ESCONDIDA LTDA.,No,No,No
1822,S/E CT SALAR,SE026,SE026L0135,26,CODELCO CHILE - DIVISIÓN CHUQUICAMATA,No,No,No
1823,S/E CALAMA,SE285,SE285T0058,285,CGE TRANSMISIÓN S.A.,No,No,No
1824,S/E CAPRICORNIO,SE028,SE028G0216,28,ENGIE ENERGÍA CHILE S.A.,No,No,No
1825,S/E CENTRAL ATACAMA,SE009,SE009G0021,9,ENEL GENERACIÓN CHILE S.A.,No,No,No
1826,S/E CENTRAL CHAPIQUIÑA,SE030,SE030G0216,30,ENGIE ENERGÍA CHILE S.A.,No,No,No
1827,S/E CENTRAL DIESEL ARICA,SE031,SE031G0216,31,ENGIE ENERGÍA CHILE S.A.,No,No,No
1828,S/E CENTRAL DIESEL ENAEX,SE032,SE032L0109,32,ENAEX S.A.,No,No,No
1831,S/E CENTRAL DIESEL TAMAYA,SE035,SE035G0216,35,ENGIE ENERGÍA CHILE S.A.,No,No,No
1833,S/E CENTRAL MEJILLONES,SE180,SE180G0216,180,ENGIE ENERGÍA CHILE S.A.,No,No,No
1835,S/E CENTRAL SOLAR LA HUAYCA 2,SE039,SE039G1038,39,ENLIGHT INVESTMENTS SPA,No,No,No
1836,S/E CENTRAL SOLAR PAS2,SE040,SE040G0223,40,POZO ALMONTE SOLAR 2 S.A.,No,No,No
1837,S/E CENTRAL SOLAR PAS3,SE041,SE041G0224,41,POZO ALMONTE SOLAR 3 S.A.,No,No,No
1838,S/E CENTRAL TARAPACA,SE012,SE012G0021,12,ENEL GENERACIÓN CHILE S.A.,No,No,No
1839,S/E CENTRAL TOCOPILLA,SE043,SE043G0216,43,ENGIE ENERGÍA CHILE S.A.,No,No,No
1840,S/E CENTRO,SE286,SE286T0058,286,CGE TRANSMISIÓN S.A.,No,No,No
1841,S/E CERRO COLORADO,SE045,SE045L0116,45,COMPAÑÍA MINERA CERRO COLORADO LTDA,No,No,No
1842,S/E CERRO DRAGON,SE281,SE281T0058,281,CGE TRANSMISIÓN S.A.,No,No,No
1843,S/E CENTRAL PAMPA CAMARONES,SE047,SE047G0216,47,ENGIE ENERGÍA CHILE S.A.,No,No,No
1844,S/E CHACAYA,SE048,SE048G0216,48,ENGIE ENERGÍA CHILE S.A.,Sí,Sí,Sí
1845,S/E CHAMY,SE049,SE049L0140,49,CODELCO CHILE - DIVISIÓN RADOMIRO TOMIC,No,No,No
1846,S/E CHIMBORAZO,SE050,SE050L0120,50,MINERA ESCONDIDA LTDA.,No,No,No
1847,S/E CHINCHORRO,SE275,SE275T0058,275,CGE TRANSMISIÓN S.A.,No,No,No
1848,S/E CHUQUICAMATA,SE052,SE052L0135,52,CODELCO CHILE - DIVISIÓN CHUQUICAMATA,No,No,No
1849,S/E COCHRANE,SE003,SE003G0010,3,AES ANDES S.A.,Sí,Sí,Sí
1850,S/E COLLAHUASI,SE054,SE054L0117,54,COMPAÑÍA DOÑA INÉS DE COLLAHUASI SCM,No,No,No
1851,S/E COLLAHUASI SALA ELECTRICA 3501,SE055,SE055L0117,55,COMPAÑÍA DOÑA INÉS DE COLLAHUASI SCM,No,No,No
1852,S/E COLLAHUASI SALA ELECTRICA 3502,SE056,SE056L0117,56,COMPAÑÍA DOÑA INÉS DE COLLAHUASI SCM,No,No,No
1853,S/E COLLAHUASI UNITARIA N°1,SE057,SE057L0117,57,COMPAÑÍA DOÑA INÉS DE COLLAHUASI SCM,No,No,No
1854,S/E COLLAHUASI UNITARIA N°2,SE058,SE058L0117,58,COMPAÑÍA DOÑA INÉS DE COLLAHUASI SCM,No,No,No
1855,S/E COLLAHUASI UNITARIA N°3,SE059,SE059L0117,59,COMPAÑÍA DOÑA INÉS DE COLLAHUASI SCM,No,No,No
1856,S/E COLLAHUASI UNITARIA N°4,SE060,SE060L0117,60,COMPAÑÍA DOÑA INÉS DE COLLAHUASI SCM,No,No,No
1857,S/E COLOSO,SE061,SE061L0120,61,MINERA ESCONDIDA LTDA.,No,No,No
1858,S/E CRUCERO,SE062,SE062G0216,62,ENGIE ENERGÍA CHILE S.A.,No,No,No
1859,S/E CONDORES,SE063,SE063T0025,63,EMPRESA DE TRANSMISIÓN ELÉCTRICA TRANSEMEL S.A.,No,No,No
1860,S/E DESALANT,SE064,SE064G0216,64,ENGIE ENERGÍA CHILE S.A.,No,No,No
1861,S/E DOMEYKO,SE065,SE065L0120,65,MINERA ESCONDIDA LTDA.,No,No,No
1862,S/E EL ABRA,SE066,SE066L0118,66,SOCIEDAD CONTRACTUAL MINERA EL ABRA,Sí,Sí,Sí
1863,S/E EL COBRE (ENGIE),SE067,SE067G0216,67,ENGIE ENERGÍA CHILE S.A.,No,No,No
1864,S/E EL LINCE,SE068,SE068L0660,68,MINERA HMC S.A.,No,No,No
1865,S/E EL LOA,SE069,SE069L0132,69,SOCIEDAD QUÍMICA Y MINERA DE CHILE S.A.,No,No,No
1866,S/E EL PEÑON (MINERA MERIDIAN),SE070,SE070L0124,70,MINERA MERIDIAN LTDA.,No,No,No
1867,S/E EL TESORO,SE071,SE071L0141,71,MINERA CENTINELA,No,No,No
1868,S/E ENCUENTRO,SE072,SE072T0002,72,TRANSELEC S.A.,No,No,No
1869,S/E ESCONDIDA,SE073,SE073L0120,73,MINERA ESCONDIDA LTDA.,No,No,No
1870,S/E ESCONDIDA NORTE,SE074,SE074L0120,74,MINERA ESCONDIDA LTDA.,No,No,No
1871,S/E ESMERALDA,SE075,SE075T0025,75,EMPRESA DE TRANSMISIÓN ELÉCTRICA TRANSEMEL S.A.,No,No,No
1872,S/E ESPERANZA (MINERA CENTINELA),SE076,SE076L0141,76,MINERA CENTINELA,No,No,No
1873,S/E ESTACION DE BOMBEO SIERRA GORDA N°1,SE077,SE077T0026,77,TRANSMISORA BAQUEDANO S.A.,No,No,No
1874,S/E ESTACION DE BOMBEO SIERRA GORDA N°2,SE078,SE078T0026,78,TRANSMISORA BAQUEDANO S.A.,No,No,No
1875,S/E FARELLON,SE079,SE079L0120,79,MINERA ESCONDIDA LTDA.,No,No,No
1876,S/E FORTUNA,SE080,SE080L0122,80,COMPAÑÍA MINERA LOMAS BAYAS,No,No,No
1877,S/E GNL MEJILLONES,SE081,SE081L0110,81,SOCIEDAD GNL MEJILLONES S.A.,No,No,No
1878,S/E GABY,SE082,SE082L0138,82,CODELCO CHILE - DIVISIÓN GABRIELA MISTRAL,No,No,No
1879,S/E GUAYAQUES,SE083,SE083L0141,83,MINERA CENTINELA,No,No,No
1880,S/E HAMBURGO,SE084,SE084L0120,84,MINERA ESCONDIDA LTDA.,No,No,No
1881,S/E INACESA,SE085,SE085D0001,85,CBB CALES S.A.,No,No,No
1882,S/E IQUIQUE,SE086,SE086G0216,86,ENGIE ENERGÍA CHILE S.A.,No,No,No
1884,S/E K1,SE088,SE088L0135,88,CODELCO CHILE - DIVISIÓN CHUQUICAMATA,No,No,No
1885,S/E KM6,SE089,SE089L0135,89,CODELCO CHILE - DIVISIÓN CHUQUICAMATA,No,No,No
1886,S/E KAPATUR,SE090,SE090T0133,90,SISTEMA DE TRANSMISIÓN DEL NORTE S.A.,No,No,No
1887,S/E KELAR,SE091,SE091G0226,91,TAMAKAYA ENERGÍA SPA,No,No,No
1888,S/E LA CASCADA HMC (SAGASCA),SE092,SE092L0112,92,HALDEMAN MINING COMPANY S.A.,No,No,No
1889,S/E LA HUAYCA II,SE093,SE093G1038,93,ENLIGHT INVESTMENTS SPA,No,No,No
1890,S/E LA PORTADA,SE287,SE287T0058,287,CGE TRANSMISIÓN S.A.,No,No,No
1891,S/E LABERINTO,SE057,SE057T0859,57,COMPAÑÍA TRANSMISORA NORTE S.A.,Sí,Sí,Sí
1892,S/E LAGUNA SECA,SE096,SE096L0120,96,MINERA ESCONDIDA LTDA.,No,No,No
1893,S/E LAGUNAS,SE097,SE097T0002,97,TRANSELEC S.A.,No,No,No
1894,S/E LIXIVIACION,SE098,SE098L0120,98,MINERA ESCONDIDA LTDA.,No,No,No
1895,S/E LLAMARA,SE099,SE099L0132,99,SOCIEDAD QUÍMICA Y MINERA DE CHILE S.A.,No,No,No
1896,S/E LLUTA,SE100,SE100G0216,100,ENGIE ENERGÍA CHILE S.A.,No,No,No
1897,S/E LOMAS BAYAS,SE015,SE015L0122,15,COMPAÑÍA MINERA LOMAS BAYAS,No,No,No
1898,S/E MMH,SE102,SE102L0150,102,CODELCO CHILE - DIVISIÓN MINISTRO HALES,No,No,No
1899,S/E MANTOS BLANCOS,SE103,SE103L0123,103,MANTOS COPPER S.A.,No,No,No
1900,S/E MANTOS DE LA LUNA,SE104,SE104L0111,104,GRACE S.A.,No,No,No
1901,S/E MARIA ELENA,SE105,SE105T0031,105,SOCIEDAD AUSTRAL DE TRANSMISIÓN TRONCAL S.A.,No,No,No
1902,S/E MEJILLONES,SE106,SE106G0216,106,ENGIE ENERGÍA CHILE S.A.,No,No,No
1903,S/E MINSAL,SE007,SE007G0010,7,AES ANDES S.A.,Sí,No,Sí
1904,S/E MOLYCOP,SE108,SE108L0031,108,MOLY-COP CHILE S.A.,No,No,No
1905,S/E MONTURAQUI,SE109,SE109L0120,109,MINERA ESCONDIDA LTDA.,No,No,No
1906,S/E MUELLE,SE110,SE110L0141,110,MINERA CENTINELA,No,No,No
1907,S/E NEURARA,SE111,SE111L0120,111,MINERA ESCONDIDA LTDA.,No,No,No
1908,S/E NORGENER,SE058,SE058G0010,58,AES ANDES S.A.,Sí,No,Sí
1909,S/E NUEVA ZALDIVAR,SE059,SE059T0859,59,COMPAÑÍA TRANSMISORA NORTE S.A.,Sí,No,Sí
1910,S/E O'HIGGINS,SE114,SE114T0315,114,KELTI S.A.,No,No,No
1911,S/E OGP1,SE115,SE115L0120,115,MINERA ESCONDIDA LTDA.,No,No,No
1912,S/E OLAP,SE116,SE116L0120,116,MINERA ESCONDIDA LTDA.,No,No,No
1913,S/E PAS3,SE117,SE117G0224,117,POZO ALMONTE SOLAR 3 S.A.,No,No,No
1914,S/E PEQ,SE118,SE118G0221,118,PARQUE FOTOVOLTAICO NUEVO QUILLAGUA SPA,No,No,No
1915,S/E PACIFICO,SE282,SE282T0058,282,CGE TRANSMISIÓN S.A.,No,No,No
1916,S/E PALAFITOS,SE283,SE283T0058,283,CGE TRANSMISIÓN S.A.,No,No,No
1917,S/E PARINACOTA,SE121,SE121T0025,121,EMPRESA DE TRANSMISIÓN ELÉCTRICA TRANSEMEL S.A.,No,No,No
1918,S/E PLANTA OXIDOS,SE122,SE122L0120,122,MINERA ESCONDIDA LTDA.,No,No,No
1919,S/E POZO ALMONTE,SE123,SE123G0216,123,ENGIE ENERGÍA CHILE S.A.,No,No,No
1920,S/E PUKARA,SE276,SE276T0058,276,CGE TRANSMISIÓN S.A.,No,No,No
1921,S/E PUNTA NEGRA,SE125,SE125L0120,125,MINERA ESCONDIDA LTDA.,No,No,No
1922,S/E PURI,SE126,SE126L0120,126,MINERA ESCONDIDA LTDA.,No,No,No
1923,S/E QUEBRADA BLANCA,SE127,SE127L0126,127,COMPAÑÍA MINERA TECK QUEBRADA BLANCA S.A.,No,No,No
1924,S/E QUIANI,SE277,SE277T0058,277,CGE TRANSMISIÓN S.A.,No,No,No
1925,S/E RADOMIRO TOMIC,SE129,SE129L0140,129,CODELCO CHILE - DIVISIÓN RADOMIRO TOMIC,No,No,No
1926,S/E RANDE,SE130,SE130G0292,130,ENEL GREEN POWER CHILE S.A.,No,No,No
1927,S/E SE021-A,SE131,SE131L0132,131,SOCIEDAD QUÍMICA Y MINERA DE CHILE S.A.,No,No,No
1928,S/E SVC DOMEYKO,SE132,SE132L0120,132,MINERA ESCONDIDA LTDA.,No,No,No
1929,S/E SALAR,SE133,SE133L0135,133,CODELCO CHILE - DIVISIÓN CHUQUICAMATA,No,No,No
1930,S/E SIERRA GORDA,SE134,SE134L0131,134,SIERRA GORDA SCM,No,No,No
1933,S/E SOLAR JAMA,SE137,SE137G0222,137,PLANTA SOLAR SAN PEDRO III SPA,No,No,No
1934,S/E SOPLADORES,SE138,SE138L0135,138,CODELCO CHILE - DIVISIÓN CHUQUICAMATA,No,No,No
1935,S/E SPENCE,SE139,SE139L0127,139,MINERA SPENCE S.A.,No,No,No
1936,S/E SULFUROS,SE140,SE140L0120,140,MINERA ESCONDIDA LTDA.,No,No,No
1937,S/E SUR,SE288,SE288T0058,288,CGE TRANSMISIÓN S.A.,No,No,No
1938,S/E SUR VIEJO,SE142,SE142L0132,142,SOCIEDAD QUÍMICA Y MINERA DE CHILE S.A.,No,No,No
1939,S/E TAMARUGAL,SE143,SE143G0216,143,ENGIE ENERGÍA CHILE S.A.,No,No,No
1940,S/E TAP OFF 003,SE144,SE144L0120,144,MINERA ESCONDIDA LTDA.,No,No,No
1941,S/E TAP OFF 534,SE145,SE145L0120,145,MINERA ESCONDIDA LTDA.,No,No,No
1942,S/E TAP OFF 535,SE146,SE146L0120,146,MINERA ESCONDIDA LTDA.,No,No,No
1943,S/E TAP OFF 536,SE147,SE147L0120,147,MINERA ESCONDIDA LTDA.,No,No,No
1944,S/E TAP OFF 537,SE148,SE148L0120,148,MINERA ESCONDIDA LTDA.,No,No,No
1945,S/E TAP OFF 538,SE149,SE149L0120,149,MINERA ESCONDIDA LTDA.,No,No,No
1946,S/E TAP OFF BARRILES,SE150,SE150L0111,150,GRACE S.A.,No,No,No
1947,S/E TAP OFF CERRO BALCON,SE151,SE151G0216,151,ENGIE ENERGÍA CHILE S.A.,No,No,No
1948,S/E TAP OFF CHIZA,SE152,SE152G0216,152,ENGIE ENERGÍA CHILE S.A.,No,No,No
1949,S/E TAP OFF CUYA,SE153,SE153G0216,153,ENGIE ENERGÍA CHILE S.A.,No,No,No
1950,TAP OFF DESALANT,SE154,SE154L0105,154,AGUAS ANTOFAGASTA S.A.,No,No,No
1951,S/E TAP OFF DOLORES,SE155,SE155G0216,155,ENGIE ENERGÍA CHILE S.A.,No,No,No
1952,S/E TAP OFF E.B. ALGORTA N°1,SE156,SE156L0106,156,ALGORTA NORTE S.A.,No,No,No
1953,S/E TAP OFF E.B. ALGORTA N°2,SE157,SE157L0106,157,ALGORTA NORTE S.A.,No,No,No
1954,S/E TAP OFF E.C. ALGORTA,SE158,SE158L0106,158,ALGORTA NORTE S.A.,No,No,No
1955,S/E TAP OFF EL LOA,SE159,SE159G0216,159,ENGIE ENERGÍA CHILE S.A.,No,No,No
1956,S/E TAP OFF EL NEGRO,SE160,SE160G0216,160,ENGIE ENERGÍA CHILE S.A.,No,No,No
1957,S/E TAP OFF EL AGUILA,SE161,SE161G0216,161,ENGIE ENERGÍA CHILE S.A.,No,No,No
1958,S/E TAP OFF ENLACE,SE162,SE162L0114,162,MINERA ANTUCOYA,No,No,No
1959,S/E TAP OFF ENLACE ANTUCOYA,SE163,SE163L0114,163,MINERA ANTUCOYA,No,No,No
1960,S/E TAP OFF ESTACION DE BOMBEO 1 HMC,SE164,SE164L0112,164,HALDEMAN MINING COMPANY S.A.,No,No,No
1961,S/E TAP OFF ESTACION DE BOMBEO 2 HMC,SE165,SE165L0112,165,HALDEMAN MINING COMPANY S.A.,No,No,No
1962,S/E TAP OFF ESTACION DE BOMBEO N°2,SE166,SE166L0120,166,MINERA ESCONDIDA LTDA.,No,No,No
1963,S/E TAP OFF ESTACION DE BOMBEO N°3,SE167,SE167L0120,167,MINERA ESCONDIDA LTDA.,No,No,No
1964,S/E TAP OFF ESTACION DE BOMBEO N°4,SE168,SE168L0120,168,MINERA ESCONDIDA LTDA.,No,No,No
1965,S/E TAP OFF LA CRUZ,SE010,SE010G0010,10,AES ANDES S.A.,Sí,No,Sí
1966,S/E TAP OFF LA NEGRA,SE289,SE289T0058,289,CGE TRANSMISIÓN S.A.,No,No,No
1967,S/E TAP OFF LICANCABUR,SE171,SE171L0141,171,MINERA CENTINELA,No,No,No
1968,S/E TAP OFF LLANOS,SE172,SE172L0115,172,ATACAMA MINERALS CHILE S.C.M.,No,No,No
1969,S/E TAP OFF MAL PASO,SE173,SE173G0216,173,ENGIE ENERGÍA CHILE S.A.,No,No,No
1970,TAP OFF MOVIL,SE174,SE174L0132,174,SOCIEDAD QUÍMICA Y MINERA DE CHILE S.A.,No,No,No
1971,S/E TAP OFF NUEVA VICTORIA,SE175,SE175L0132,175,SOCIEDAD QUÍMICA Y MINERA DE CHILE S.A.,No,No,No
1972,S/E TAP OFF OESTE,SE063,SE063G0010,63,AES ANDES S.A.,Sí,No,Sí
1973,S/E TAP OFF PALESTINA,SE177,SE177L0124,177,MINERA MERIDIAN LTDA.,No,No,No
1976,S/E TAP OFF QUIANI,SE278,SE278T0058,278,CGE TRANSMISIÓN S.A.,No,No,No
1978,S/E TAP OFF SAIRECABUR,SE182,SE182L0141,182,MINERA CENTINELA,No,No,No
1980,S/E TAP OFF TAMARUGAL,SE184,SE184G1038,184,ENLIGHT INVESTMENTS SPA,No,No,No
1981,S/E TAP OFF URIBE,SE185,SE185T0025,185,EMPRESA DE TRANSMISIÓN ELÉCTRICA TRANSEMEL S.A.,No,No,No
1982,S/E TAP OFF VITOR,SE186,SE186G0216,186,ENGIE ENERGÍA CHILE S.A.,No,No,No
1983,S/E TAP OFF VITOR N°2 MOVIL,SE187,SE187G0216,187,ENGIE ENERGÍA CHILE S.A.,No,No,No
1984,S/E TARAPACA,SE188,SE188T0002,188,TRANSELEC S.A.,No,No,No
1985,S/E TOCOPILLA,SE290,SE290T0058,290,CGE TRANSMISIÓN S.A.,No,No,No
1986,S/E UJINA,SE190,SE190L0117,190,COMPAÑÍA DOÑA INÉS DE COLLAHUASI SCM,No,No,No
1987,S/E URIBE,SE291,SE291T0058,291,CGE TRANSMISIÓN S.A.,No,No,No
1988,S/E VALLE DE LOS VIENTOS,SE192,SE192G0292,192,ENEL GREEN POWER CHILE S.A.,No,No,No
1989,S/E ZALDIVAR,SE193,SE193L0128,193,COMPAÑÍA MINERA ZALDÍVAR SPA,No,No,No
1993,S/E CENTRAL CHILOE,SE001,SE001G0035,1,ELEKTRA GENERACIÓN S.A.,No,No,No
1994,S/E CENTRAL EL ROMERO,SE001,SE001G0265,1,ACCIONA ENERGÍA CHILE HOLDINGS S.A.,No,No,No
1996,S/E ARMERILLO,SE032,SE032T0061,32,ALFA TRANSMISORA DE ENERGÍA S.A.,No,No,No
1997,TAP OFF RIO COLORADO,SE001,SE001G0291,1,HIDROELÉCTRICA RÍO COLORADO S.A.,No,No,Sí
1998,S/E CENTRAL RIO COLORADO,SE002,SE002G0291,2,HIDROELÉCTRICA RÍO COLORADO S.A.,No,No,No
1999,S/E CENTRAL LA MINA,SE033,SE033G0004,33,COLBÚN S.A.,No,No,No
2002,S/E DOÑA CARMEN,SE002,SE002G0271,2,ENERGÍA CERRO EL MORADO S.A.,No,No,Sí
2003,S/E DON HECTOR,SE010,SE010T0002,10,TRANSELEC S.A.,No,No,Sí
2004,S/E EL PELICANO,SE002,SE002G0246,2,EL PELÍCANO SOLAR COMPANY SPA,No,No,No
2006,S/E CENTRAL CONSTITUCION,SE002,SE002G0035,2,ELEKTRA GENERACIÓN S.A.,No,No,No
2009,S/E CENTRAL VOLCAN,SE018,SE018G0010,18,AES ANDES S.A.,No,No,No
2010,S/E TEN GIS,SE001,SE001T0030,1,TRANSMISORA ELÉCTRICA DEL NORTE S.A.,No,No,No
2011,S/E LOS CHANGOS,SE002,SE002T0030,2,TRANSMISORA ELÉCTRICA DEL NORTE S.A.,No,No,No
2012,S/E CENTRAL RENCA,SE001,SE001G0434,1,GENERADORA METROPOLITANA SPA,No,No,No
2013,S/E CENTRAL NUEVA RENCA,SE002,SE002G0434,2,GENERADORA METROPOLITANA SPA,No,No,No
2014,S/E NEPTUNO,SE103,SE103T0002,103,TRANSELEC S.A.,No,No,No
2017,S/E RECTIFICADORA ESCUADRON,SE001,SE001L0011,1,EMPRESA DE LOS FERROCARRILES DEL ESTADO,No,No,No
2018,S/E SANTA BARBARA,SE067,SE067T0003,67,SISTEMA DE TRANSMISIÓN DEL SUR S.A.,No,No,No
2019,S/E ARMAZONES,SE042,SE042T0003,42,SISTEMA DE TRANSMISIÓN DEL SUR S.A.,No,No,No
2020,S/E CENTRAL DOS VALLES,SE002,SE002G0253,2,HIDROELECTRICA DOS VALLES SPA,No,No,No
2021,S/E LOS PEUMOS,SE110,SE110T0058,110,CGE TRANSMISIÓN S.A.,Sí,Sí,Sí
2022,S/E BOLERO,SE001,SE001G0233,1,BOLERO SPA,No,No,No
2023,S/E CERRO PABELLON,SE001,SE001G0232,1,GEOTÉRMICA DEL NORTE S.A.,No,No,No
2024,S/E EL ARRIERO,SE001,SE001G0292,1,ENEL GREEN POWER CHILE S.A.,No,No,No
2026,S/E CUMBRE,SE003,SE003T0030,3,TRANSMISORA ELÉCTRICA DEL NORTE S.A.,No,No,No
2027,S/E PORTAL GCM,SE001,SE001L0142,1,GUANACO COMPAÑÍA MINERA SPA,No,No,No
2028,S/E GUANACO,SE002,SE002L0142,2,GUANACO COMPAÑÍA MINERA SPA,No,No,No
2029,S/E PASO HONDO,SE003,SE003T0059,3,LUZPARRAL TRANSMISIÓN S.A.,No,No,No
2030,S/E TAP OFF PASO HONDO,SE004,SE004T0059,4,LUZPARRAL TRANSMISIÓN S.A.,No,No,No
2031,S/E CENTRAL JUNCALITO,SE034,SE034G0004,34,COLBÚN S.A.,No,No,No
2033,S/E SECCIONADORA SAN ANDRES,SE001,SE001T0031,1,SOCIEDAD AUSTRAL DE TRANSMISIÓN TRONCAL S.A.,No,No,No
2034,TAP OFF CENTRAL CAVANCHA,SE001,SE001G0231,1,ENERNUEVAS S.A.,No,No,No
2036,S/E CONCHI,SE002,SE002G0232,2,GEOTÉRMICA DEL NORTE S.A.,No,No,No
2042,S/E ESTE 6,SE001,SE001L0120,1,MINERA ESCONDIDA LTDA.,No,No,No
2043,S/E MIRAJE,SE107,SE107T0002,107,TRANSELEC S.A.,No,No,No
2044,S/E NEGRILLAR,SE001,SE001L0128,1,COMPAÑÍA MINERA ZALDÍVAR SPA,No,No,No
2046,S/E PLANTA RECUPERADORA DE METALES,SE002,SE002L0147,2,PLANTA RECUPERADORA DE METALES SPA,No,No,No
2048,S/E URIBE SOLAR,SE004,SE004G0261,4,FOTOVOLTAICA NORTE GRANDE 5 SPA,No,No,No
2050,S/E ACONCAGUA TG,SE002,SE002L0002,2,ENAP REFINERIAS S.A. - ACONCAGUA,No,No,No
2051,S/E CENTRAL ANCOA,SE001,SE001G0298,1,HIDROELÉCTRICA EMBALSE ANCOA SPA,No,No,No
2053,TAP OFF PUTAGAN,SE003,SE003G0298,3,HIDROELÉCTRICA EMBALSE ANCOA SPA,No,No,No
2054,S/E MANTILHUE,SE041,SE041T0003,41,SISTEMA DE TRANSMISIÓN DEL SUR S.A.,No,No,No
2055,S/E CENTRAL PARQUE EOLICO CABO LEONES I,SE001,SE001G0299,1,PARQUE EÓLICO CABO LEONES I S.A.,No,No,No
2056,S/E SAN FABIAN,SE001,SE001T0033,1,SISTEMA DE TRANSMISIÓN DEL CENTRO S.A.,Sí,Sí,Sí
2057,S/E KIMAL,SE002,SE002T0031,2,SOCIEDAD AUSTRAL DE TRANSMISIÓN TRONCAL S.A.,Sí,No,Sí
2058,S/E ALTO MAIPO,SE014,SE014G0466,14,ALTO MAIPO SPA,No,No,No
2059,S/E CENTRAL NUEVA ALDEA II,SE002,SE002G0002,2,ARAUCO BIOENERGÍA SPA,Sí,Sí,Sí
2060,S/E NUEVA PICHIRROPULLI,SE001,SE001T0018,1,ELETRANS S.A.,Sí,Sí,Sí
2061,S/E ENTRE RIOS,SE104,SE104T0002,104,TRANSELEC S.A.,Sí,Sí,Sí
2063,S/E PARANAL,SE043,SE043T0003,43,SISTEMA DE TRANSMISIÓN DEL SUR S.A.,Sí,Sí,Sí
2064,S/E IEM,SE004,SE004G0216,4,ENGIE ENERGÍA CHILE S.A.,Sí,Sí,No
2069,S/E GIS COCHRANE BESS,SE005,SE005G0010,5,AES ANDES S.A.,Sí,Sí,Sí
2070,S/E ILLAPA,SE001,SE001T0035,1,DIEGO DE ALMAGRO TRANSMISORA DE ENERGÍA S.A.,Sí,Sí,Sí
2071,S/E MAYACA,SE051,SE051T0057,51,CHILQUINTA TRANSMISIÓN S.A.,Sí,Sí,Sí
2072,S/E TAP OFF MAYACA,SE052,SE052T0057,52,CHILQUINTA TRANSMISIÓN S.A.,Sí,Sí,Sí
2074,S/E CENTRAL LAS LAJAS,SE003,SE003G0466,3,ALTO MAIPO SPA,No,No,No
2075,S/E CENTRAL ALFALFAL II,SE005,SE005G0466,5,ALTO MAIPO SPA,Sí,Sí,Sí
2076,S/E SANTA ISABEL,SE213,SE213T0058,213,CGE TRANSMISIÓN S.A.,Sí,Sí,Sí
2078,S/E EL LAUREL,SE105,SE105T0002,105,TRANSELEC S.A.,No,No,Sí
2079,S/E PUNTA SIERRA,SE002,SE002T0828,2,PACIFIC HYDRO TRANSMISIÓN S.A.,No,No,No
2080,TAP OFF,SE001,SE001L0020,1,CODELCO CHILE - DIVISIÓN EL TENIENTE,No,No,No
2083,S/E CENTRAL EL AGUILA,SE007,SE007G0216,7,ENGIE ENERGÍA CHILE S.A.,No,No,No
2085,S/E CENTRAL HIDROELECTRICA PALACIOS,SE001,SE001G0322,1,HIDROELÉCTRICA PALACIOS SPA,No,No,No
2086,TAP OFF PALACIOS,SE002,SE002G0322,2,HIDROELÉCTRICA PALACIOS SPA,No,No,No
2087,S/E CENTRAL DEGAÑ 2,SE002,SE002G0033,2,GENERACIÓN DE ENERGÍA NUEVA DEGAN SPA,No,No,No
2088,S/E CENTRAL DEGAÑ,SE001,SE001G0033,1,GENERACIÓN DE ENERGÍA NUEVA DEGAN SPA,No,No,No
2089,S/E PUENTE NEGRO,SE035,SE035T0061,35,ALFA TRANSMISORA DE ENERGÍA S.A.,No,No,No
2090,S/E PADRE HURTADO,SE270,SE270T0058,270,CGE TRANSMISIÓN S.A.,No,No,No
2091,S/E AURORA,SE001,SE001G0278,1,AELA EÓLICA LLANQUIHUE SPA,No,No,No
2092,S/E ANDALICAN,SE271,SE271T0058,271,CGE TRANSMISIÓN S.A.,No,No,No
2093,S/E PUERTO SECO SOLAR,SE001,SE001G0305,1,CALAMA SOLAR 2 SPA,No,No,No
2094,S/E CERRO DOMINADOR,SE002,SE002G0430,2,CERRO DOMINADOR PV S.A.,No,No,No
2095,S/E PV CERRO DOMINADOR,SE003,SE003G0430,3,CERRO DOMINADOR PV S.A.,No,No,No
2096,S/E SARCO,SE001,SE001G0332,1,AELA EÓLICA SARCO SPA,Sí,Sí,Sí
2097,S/E TCHITACK,SE004,SE004L0135,4,CODELCO CHILE - DIVISIÓN CHUQUICAMATA,Sí,Sí,Sí
2098,S/E SAN SIMON,SE001,SE001G0333,1,AUSTRIANSOLAR CHILE CUATRO SPA,Sí,Sí,Sí
2099,S/E SANTA RITA,SE002,SE002G0333,2,AUSTRIANSOLAR CHILE CUATRO SPA,Sí,Sí,Sí
2100,S/E CENTRAL DIESEL AGUAS BLANCAS,SE010,SE010L0115,10,ATACAMA MINERALS CHILE S.C.M.,No,No,No
2101,S/E CUNCO,SE068,SE068T0003,68,SISTEMA DE TRANSMISIÓN DEL SUR S.A.,Sí,Sí,Sí
2102,S/E CENTRAL EL PINAR,SE001,SE001G0807,1,EMPRESA ELÉCTRICA EL PINAR SPA,Sí,Sí,Sí
2103,S/E DEUCO,SE069,SE069T0003,69,SISTEMA DE TRANSMISIÓN DEL SUR S.A.,Sí,Sí,Sí
2104,S/E EL PINAR,SE002,SE002G0807,2,EMPRESA ELÉCTRICA EL PINAR SPA,Sí,Sí,Sí
2105,S/E SECCIONADORA CONVENTO VIEJO,SE001,SE001G0311,1,SOCIEDAD CONCESIONARIA EMBALSE CONVENTO VIEJO S.A.,Sí,Sí,Sí
2106,S/E CENTRAL CONVENTO VIEJO,SE002,SE002G0311,2,SOCIEDAD CONCESIONARIA EMBALSE CONVENTO VIEJO S.A.,Sí,Sí,Sí
2109,S/E CURANILAHUE NORTE,SE272,SE272T0058,272,CGE TRANSMISIÓN S.A.,Sí,Sí,Sí
2110,TAP OFF CARAMPANGUE,SE273,SE273T0058,273,CGE TRANSMISIÓN S.A.,No,No,No
2111,S/E RIO NEGRO,SE044,SE044T0003,44,SISTEMA DE TRANSMISIÓN DEL SUR S.A.,Sí,Sí,Sí
2112,S/E SGO,SE274,SE274L0127,274,MINERA SPENCE S.A.,Sí,Sí,Sí
2113,S/E CENTRAL TRES PUENTES (SM),SE001,SE001T0041,1,EMPRESA ELÉCTRICA DE MAGALLANES S.A.,No,No,No
2114,S/E CENTRAL PUNTA ARENAS,SE002,SE002T0041,2,EMPRESA ELÉCTRICA DE MAGALLANES S.A.,No,No,No
2115,S/E CENTRAL CUCHILDEO,SE001,SE001G1072,1,ENERGÍA DE LA PATAGONIA Y AYSÉN SPA,No,No,No
2117,S/E CENTRAL CUMBRES,SE001,SE001G0393,1,CUMBRES SPA,No,No,No
2118,S/E TAP OFF TORRE 54,SE028,SE028T0057,28,CHILQUINTA TRANSMISIÓN S.A.,No,No,No
2119,S/E SANTA LUISA,SE274,SE274T0058,274,CGE TRANSMISIÓN S.A.,No,No,Sí
2121,S/E CHIRRE,SE045,SE045T0003,45,SISTEMA DE TRANSMISIÓN DEL SUR S.A.,No,No,No
2122,S/E SAN GABRIEL,SE001,SE001G0399,1,PARQUE EÓLICO SAN GABRIEL SPA,No,No,Sí
2123,S/E PARGUA,SE003,SE003T0003,3,SISTEMA DE TRANSMISIÓN DEL SUR S.A.,No,No,Sí
2124,S/E LLOLLELHUE,SE046,SE046T0003,46,SISTEMA DE TRANSMISIÓN DEL SUR S.A.,No,No,No
2125,S/E CABO NEGRO,SE001,SE001G0389,1,PECKET ENERGY S.A.,No,No,No
2126,S/E MAITENES,SE004,SE004G0030,4,PACIFIC HYDRO CHILE S.A.,No,No,No
2127,S/E CENTRAL PANGAL,SE005,SE005G0030,5,PACIFIC HYDRO CHILE S.A.,No,No,No
2128,S/E TAP OFF,SE006,SE006G0030,6,PACIFIC HYDRO CHILE S.A.,No,No,No
2129,TAP OFF TORRE 7,SE007,SE007G0030,7,PACIFIC HYDRO CHILE S.A.,No,No,No
2130,S/E SAUZAL 60HZ,SE008,SE008G0030,8,PACIFIC HYDRO CHILE S.A.,No,No,No
2132,S/E CENTRAL TALINAY PONIENTE,SE017,SE017G0292,17,ENEL GREEN POWER CHILE S.A.,No,No,No
2133,S/E MOCHO,SE002,SE002G0393,2,CUMBRES SPA,No,No,No
2134,TAP OFF ALTO RENAICO,SE004,SE004G0042,4,ESPINOS S.A.,No,No,No
2135,S/E FRONTERA,SE109,SE109T0002,109,TRANSELEC S.A.,Sí,Sí,Sí
2136,S/E TAP OFF LIBERTADORES,SE001,SE001T0043,1,INVERSIONES Y SERVICIOS DATALUNA LTDA,No,No,No
2141,S/E AGUAS CLARAS,SE011,SE011G0409,11,INNOVACIÓN ENERGÍA S.A.,Sí,No,Sí
2143,S/E CENTRAL PAJONALES,SE001,SE001G0417,1,PRIME ENERGÍA QUICKSTART SPA,Sí,Sí,Sí
2145,S/E CENTRAL COMBARBALA,SE002,SE002G0417,2,PRIME ENERGÍA QUICKSTART SPA,Sí,Sí,Sí
2146,S/E CENTRAL CHAGUAL,SE003,SE003G0417,3,PRIME ENERGÍA QUICKSTART SPA,Sí,Sí,Sí
2148,S/E SANGRA,SE047,SE047T0003,47,SISTEMA DE TRANSMISIÓN DEL SUR S.A.,Sí,Sí,Sí
2149,S/E EL BATO,SE003,SE003L0002,3,ENAP REFINERIAS S.A. - ACONCAGUA,Sí,Sí,Sí
2150,S/E LOS TILOS BULNES,SE011,SE011R0013,11,COOPERATIVA DE CONSUMO DE ENERGÍA ELÉCTRICA CHILLÁN LTDA.,Sí,Sí,Sí
2152,S/E CERROS DE HUICHAHUE,SE002,SE002T0018,2,ELETRANS S.A.,Sí,Sí,Sí
2153,S/E PALMAR,SE001,SE001G0418,1,HIDROPALMAR SPA,Sí,Sí,Sí
2154,S/E CENTRAL PALMAR,SE002,SE002G0418,2,HIDROPALMAR SPA,Sí,Sí,Sí
2155,S/E CENTRAL CORRENTOSO,SE003,SE003G0418,3,HIDROPALMAR SPA,Sí,Sí,Sí
2156,S/E CSP CERRO DOMINADOR,SE001,SE001G0430,1,CERRO DOMINADOR PV S.A.,Sí,Sí,Sí
2157,S/E QUILMO II,SE006,SE006R0013,6,COOPERATIVA DE CONSUMO DE ENERGÍA ELÉCTRICA CHILLÁN LTDA.,No,No,No
2158,S/E ALTO CACHAPOAL,SE001,SE001G0431,1,ELÉCTRICA CIPRESILLOS SPA,No,No,No
2159,S/E CENTRAL CIPRESILLOS,SE002,SE002G0431,2,ELÉCTRICA CIPRESILLOS SPA,No,No,No
2160,S/E SIERRA NEVADA,SE001,SE001G0030,1,PACIFIC HYDRO CHILE S.A.,No,No,No
2161,S/E CENTRAL LOS VIENTOS,SE003,SE003G0434,3,GENERADORA METROPOLITANA SPA,Sí,Sí,Sí
2163,S/E CENTRAL LOS MOLLES,SE025,SE025G0021,25,ENEL GENERACIÓN CHILE S.A.,Sí,Sí,Sí
2164,S/E CANUTILLAR,SE035,SE035G0004,35,COLBÚN S.A.,No,No,No
2165,S/E ANGOSTURA,SE036,SE036G0004,36,COLBÚN S.A.,No,No,No
2166,S/E GAMBOA,SE048,SE048T0003,48,SISTEMA DE TRANSMISIÓN DEL SUR S.A.,Sí,Sí,Sí
2167,S/E PARQUE EOLICO EL MAITEN,SE001,SE001G0447,1,PARQUE EÓLICO EL MAITÉN SPA,No,No,No
2168,S/E CENTRAL NUEVA VENTANAS,SE012,SE012G0049,12,EMPRESA ELÉCTRICA VENTANAS SPA,Sí,Sí,Sí
2174,S/E CAITAN,SE001,SE001L0151,1,CAITAN SPA,No,No,No
2178,S/E DESALINIZADORA Y BOMBEO 1 (SGO),SE002,SE002L0151,2,CAITAN SPA,No,No,No
2179,S/E BOMBEO 2 (SGO),SE003,SE003L0151,3,CAITAN SPA,No,No,No
2180,S/E BOMBEO 3 (SGO),SE004,SE004L0151,4,CAITAN SPA,No,No,No
2181,S/E ALMEYDA,SE003,SE003G0651,3,ALMEYDA SPA,Sí,Sí,Sí
2182,S/E C.R. MAITENCILLO,SE001,SE001G0462,1,EMPRESA ELÉCTRICA VALLENAR S.A.,Sí,Sí,Sí
2183,S/E BULNES,SE012,SE012R0013,12,COOPERATIVA DE CONSUMO DE ENERGÍA ELÉCTRICA CHILLÁN LTDA.,No,No,No
2184,S/E CENTRAL PE LA FLOR,SE001,SE001G0463,1,VIENTOS DE RENAICO SPA,No,No,No
2185,S/E CENTRAL MOCHO,SE001,SE001G0465,1,HIDROMOCHO S.A.,No,No,No
2186,S/E NUEVA POZO ALMONTE,SE001,SE001T0662,1,RED ELÉCTRICA DEL NORTE S.A.,No,No,No
2187,S/E CENTRAL CAMPICHE,SE002,SE002G0049,2,EMPRESA ELÉCTRICA VENTANAS SPA,No,No,No
2190,S/E CENTRAL NALCAS,SE003,SE003G0476,3,HIDROENERSUR SPA,Sí,No,No
2191,S/E CENTRAL CALLAO,SE005,SE005G0476,5,HIDROENERSUR SPA,Sí,No,No
2192,S/E CENTRAL BONITO,SE001,SE001G0476,1,HIDROENERSUR SPA,No,No,No
2193,S/E CENTRAL SOLAR DIEGO DE ALMAGRO,SE018,SE018G0975,18,ARCADIA GENERACIÓN SOLAR S.A.,No,No,No
2194,S/E TOLPAN SUR,SE004,SE004G0265,4,ACCIONA ENERGÍA CHILE HOLDINGS S.A.,No,No,No
2195,S/E C.R. LLANOS BLANCOS,SE004,SE004G0417,4,PRIME ENERGÍA QUICKSTART SPA,Sí,Sí,Sí
2196,S/E TAP OFF LLANOS BLANCOS,SE005,SE005G0417,5,PRIME ENERGÍA QUICKSTART SPA,Sí,Sí,Sí
2197,S/E SECCIONADORA RIO MALLECO,SE013,SE013T0002,13,TRANSELEC S.A.,Sí,Sí,Sí
2198,S/E GRANJA SOLAR,SE001,SE001G0884,1,COPEC RENOVABLES SPA,No,No,No
2207,S/E SECCIONADORA RIO TOLTEN,SE003,SE003T0031,3,SOCIEDAD AUSTRAL DE TRANSMISIÓN TRONCAL S.A.,No,No,No
2208,S/E LA MISION,SE049,SE049T0003,49,SISTEMA DE TRANSMISIÓN DEL SUR S.A.,No,No,No
2209,S/E REMEHUE,SE050,SE050T0003,50,SISTEMA DE TRANSMISIÓN DEL SUR S.A.,No,No,No
2211,S/E NUEVA LAMPA,SE116,SE116T0835,116,SOCIEDAD TRANSMISORA METROPOLITANA S.A.,Sí,Sí,Sí
2212,S/E ANDES SOLAR II,SE062,SE062G0770,62,ANDES SOLAR II SPA,Sí,Sí,Sí
2213,S/E TRES QUEBRADAS,SE002,SE002L0101,2,COMPAÑÍA MINERA NEVADA SPA,Sí,Sí,Sí
2214,S/E LAMA,SE003,SE003L0101,3,COMPAÑÍA MINERA NEVADA SPA,Sí,Sí,Sí
2215,S/E NUEVA PANQUEHUE,SE001,SE001T0664,1,TRANSQUINTA S.A.,No,No,No
2216,S/E CENTRAL RUCATAYO,SE002,SE002G0093,2,EMPRESA ELÉCTRICA RUCATAYO S.A.,No,No,No
2217,TAP OFF CHOLGUAN (TRANSELEC),SE070,SE070T0002,70,TRANSELEC S.A.,No,No,No
2219,S/E CENTRAL NEHUENCO II,SE037,SE037G0004,37,COLBÚN S.A.,No,No,No
2220,S/E CENTRAL NEHUENCO III,SE038,SE038G0004,38,COLBÚN S.A.,No,No,No
2221,S/E ANA MARIA,SE001,SE001T0834,1,ANA MARÍA S.A.,No,No,No
2222,S/E DON ANTONIO,SE002,SE002G0549,2,TSGF SPA,No,No,No
2223,S/E CENTRAL SAN JAVIER,SE007,SE007G0417,7,PRIME ENERGÍA QUICKSTART SPA,Sí,Sí,Sí
2224,S/E LLANQUIHUE,SE051,SE051T0003,51,SISTEMA DE TRANSMISIÓN DEL SUR S.A.,Sí,Sí,Sí
2225,S/E USYA,SE005,SE005G0265,5,ACCIONA ENERGÍA CHILE HOLDINGS S.A.,Sí,Sí,Sí
2226,S/E CALAMA NUEVA,SE003,SE003T0025,3,EMPRESA DE TRANSMISIÓN ELÉCTRICA TRANSEMEL S.A.,No,No,No
2227,S/E PALLATA,SE001,SE001G0554,1,AR TCHAMMA SPA,Sí,Sí,Sí
2228,S/E CABO LEONES II,SE001,SE001G0555,1,IBEREÓLICA CABO LEONES II S.A.,No,No,No
2229,S/E LUCERO,SE070,SE070T0003,70,SISTEMA DE TRANSMISIÓN DEL SUR S.A.,No,Sí,Sí
2231,S/E LARQUI,SE071,SE071T0003,71,SISTEMA DE TRANSMISIÓN DEL SUR S.A.,No,Sí,Sí
2234,S/E TIQUIMA,SE001,SE001L0126,1,COMPAÑÍA MINERA TECK QUEBRADA BLANCA S.A.,No,No,No
2235,S/E PUQUIOS,SE002,SE002L0126,2,COMPAÑÍA MINERA TECK QUEBRADA BLANCA S.A.,No,No,No
2236,S/E PAGUANA,SE003,SE003L0126,3,COMPAÑÍA MINERA TECK QUEBRADA BLANCA S.A.,No,No,No
2237,S/E CHALLACOLLO,SE004,SE004L0126,4,COMPAÑÍA MINERA TECK QUEBRADA BLANCA S.A.,No,No,No
2238,S/E SECCIONADORA ALTO MELIPILLA,SE001,SE001T0665,1,ELETRANS II S.A.,No,No,No
2239,S/E GEOGLIFOS,SE202,SE202T0002,202,TRANSELEC S.A.,No,No,No
2240,S/E ARAUCO MAPA,SE009,SE009L0089,9,CELULOSA ARAUCO Y CONSTITUCIÓN S.A.,Sí,Sí,Sí
2241,S/E OYARVIDE,SE006,SE006L0126,6,COMPAÑÍA MINERA TECK QUEBRADA BLANCA S.A.,No,No,No
2242,S/E FAENAS PANGUE,SE026,SE026T0008,26,PALMUCHO S.A.,No,No,No
2243,S/E PUERTO PATACHE,SE201,SE201T0002,201,TRANSELEC S.A.,No,No,No
2244,S/E BOCAMINA,SE004,SE004G0021,4,ENEL GENERACIÓN CHILE S.A.,No,No,No
2245,S/E PATILLOS,SE008,SE008L0126,8,COMPAÑÍA MINERA TECK QUEBRADA BLANCA S.A.,No,No,No
2246,S/E SECCIONADORA EL ROSAL,SE188,SE188G0216,188,ENGIE ENERGÍA CHILE S.A.,Sí,Sí,Sí
2247,S/E CHIU CHIU,SE006,SE006G0265,6,ACCIONA ENERGÍA CHILE HOLDINGS S.A.,Sí,Sí,Sí
2248,S/E NUEVA CHUQUICAMATA,SE011,SE011G0216,11,ENGIE ENERGÍA CHILE S.A.,No,No,No
2249,S/E ALGARROBAL,SE189,SE189G0216,189,ENGIE ENERGÍA CHILE S.A.,No,No,No
2250,S/E CENTINELA,SE002,SE002T0046,2,RED ELÉCTRICA DEL NORTE 2 S.A.,No,No,No
2251,S/E ATACAMA SOLAR II,SE001,SE001G0566,1,ATACAMA SOLAR SPA,No,No,No
2252,S/E MATILLA,SE064,SE064T0002,64,TRANSELEC S.A.,No,No,No
2253,S/E LASANA,SE001,SE001G0568,1,GPG SOLAR CHILE 2017 SPA,No,No,No
2254,S/E DIGUA,SE001,SE001G0572,1,ELÉCTRICA DIGUA SPA,No,No,No
2255,S/E CATILLO,SE002,SE002G0572,2,ELÉCTRICA DIGUA SPA,No,No,No
2258,S/E NUEVA ANCUD,SE110,SE110T0002,110,TRANSELEC S.A.,Sí,Sí,Sí
2259,S/E LA ESTRELLA,SE001,SE001G0576,1,EÓLICA LA ESTRELLA SPA,No,No,No
2260,S/E OASIS,SE190,SE190G0216,190,ENGIE ENERGÍA CHILE S.A.,Sí,Sí,Sí
2261,S/E CENTRAL LA HUELLA,SE001,SE001G0577,1,AUSTRIANSOLAR CHILE SEIS SPA,Sí,Sí,Sí
2263,S/E CENTRAL EOLICA ALENA,SE001,SE001G0580,1,AR ALENA SPA,Sí,No,Sí
2264,S/E CENTRAL RIO ESCONDIDO,SE001,SE001G0581,1,AR ESCONDIDO SPA,Sí,Sí,Sí
2265,S/E CENTRAL LOS CONDORES,SE107,SE107G0021,107,ENEL GENERACIÓN CHILE S.A.,No,No,No
2266,S/E CENTRAL ANDINA,SE003,SE003G0216,3,ENGIE ENERGÍA CHILE S.A.,No,No,No
2267,S/E CENTRAL HORNITOS (TER),SE005,SE005G0234,5,INVERSIONES HORNITOS SPA,No,No,No
2268,S/E TCHAMMA,SE002,SE002G0554,2,AR TCHAMMA SPA,Sí,Sí,Sí
2270,S/E LAS JUNTAS,SE001,SE001G0583,1,HIDROELÉCTRICA LAS JUNTAS S.A.,No,No,No
2271,S/E AILLIN,SE002,SE002G0583,2,HIDROELÉCTRICA LAS JUNTAS S.A.,No,No,No
2272,S/E ELEVADORA CAPRICORNIO,SE008,SE008G0216,8,ENGIE ENERGÍA CHILE S.A.,No,No,No
2273,S/E CAMPOS DEL SOL,SE019,SE019G0292,19,ENEL GREEN POWER CHILE S.A.,No,No,No
2274,S/E SURCO Y SEMILLA,SE001,SE001G0584,1,WPD MALLECO SPA,No,No,No
2275,S/E AGUA BUENA,SE002,SE002G0584,2,WPD MALLECO SPA,No,No,No
2276,S/E TCBB,SE003,SE003G0807,3,EMPRESA ELÉCTRICA EL PINAR SPA,No,No,No
2278,S/E TAP OFF LO ESPEJO (FFCC),SE030,SE030L0011,30,EMPRESA DE LOS FERROCARRILES DEL ESTADO,No,No,No
2281,S/E TINEO,SE111,SE111T0712,111,TRANSELEC CONCESIONES S.A.,Sí,Sí,Sí
2282,S/E CENTRAL CERRO TIGRE,SE001,SE001G0560,1,AR CERRO TIGRE SPA,Sí,Sí,Sí
2283,S/E MALGARIDA I,SE007,SE007G0265,7,ACCIONA ENERGÍA CHILE HOLDINGS S.A.,No,No,No
2284,S/E MALGARIDA,SE008,SE008G0265,8,ACCIONA ENERGÍA CHILE HOLDINGS S.A.,No,No,No
2285,S/E MALGARIDA II,SE009,SE009G0265,9,ACCIONA ENERGÍA CHILE HOLDINGS S.A.,No,No,No
2286,S/E SOL DEL DESIERTO,SE001,SE001G0590,1,PARQUE SOLAR FOTOVOLTAICO SOL DEL DESIERTO SPA,No,No,No
2287,S/E FRUTILLAR NORTE,SE112,SE112T0002,112,TRANSELEC S.A.,No,No,No
2288,S/E GUARDIAMARINA,SE004,SE004T0031,4,SOCIEDAD AUSTRAL DE TRANSMISIÓN TRONCAL S.A.,Sí,Sí,Sí
2289,S/E LA POLVORA,SE001,SE001T0707,1,CASABLANCA TRANSMISORA DE ENERGÍA S.A.,No,No,No
2290,S/E LITORAL CENTRAL,SE061,SE061T0057,61,CHILQUINTA TRANSMISIÓN S.A.,Sí,Sí,Sí
2291,S/E HUALQUI,SE001,SE001T0049,1,MATAQUITO TRANSMISORA DE ENERGÍA S.A.,Sí,Sí,Sí
2292,S/E LA CRUZ SOLAR,SE001,SE001G0615,1,FOTOVOLTAICA NORTE GRANDE 1 SPA,No,No,No
2293,S/E SOL DE LILA,SE002,SE002G0292,2,ENEL GREEN POWER CHILE S.A.,No,No,No
2294,S/E PUEBLO SECO,SE001,SE001T0051,1,BESALCO TRANSMISIÓN SPA,No,No,No
2295,S/E ACCESO NORTE,SE011,SE011L0152,11,NOVA ANDINO LITIO SPA.,No,No,No
2296,S/E CARBONATO,SE012,SE012L0152,12,NOVA ANDINO LITIO SPA.,No,No,No
2297,S/E LLAIMA,SE072,SE072T0003,72,SISTEMA DE TRANSMISIÓN DEL SUR S.A.,No,No,No
2298,S/E SOL DE LOS ANDES,SE002,SE002G0626,2,SOL DE LOS ANDES SPA,No,No,No
2299,S/E RIO SALADO,SE001,SE001G0626,1,SOL DE LOS ANDES SPA,No,No,No
2301,S/E PUELCHE SUR,SE001,SE001G0627,1,AR PUELCHE SUR SPA,No,No,No
2302,S/E LAS VIOLETAS,SE002,SE002T0051,2,BESALCO TRANSMISIÓN SPA,Sí,Sí,Sí
2303,S/E GUINDO,SE003,SE003T0051,3,BESALCO TRANSMISIÓN SPA,Sí,Sí,Sí
2304,S/E MESAMAVIDA,SE064,SE064G0689,64,ENERGÍA EÓLICA MESAMÁVIDA SPA,Sí,Sí,Sí
2305,S/E LOS OLMOS,SE001,SE001G0628,1,ENERGÍA EÓLICA LOS OLMOS SPA,No,No,No
2306,S/E RIO ACONCAGUA,SE113,SE113T0002,113,TRANSELEC S.A.,No,No,No
2307,S/E LLANOS DEL VIENTO,SE001,SE001G0653,1,AR LLANOS DEL VIENTO SPA,No,No,No
2309,S/E CKHURI,SE001,SE001G0676,1,HUEMUL ENERGÍA SPA,No,No,No
2310,S/E HADES,SE003,SE003G0975,3,ARCADIA GENERACIÓN SOLAR S.A.,No,No,No
2311,S/E LOS ANGELES SUR,SE001,SE001G0659,1,WPD DUQUECO SPA,No,No,No
2312,S/E LASTARRIA,SE114,SE114T0002,114,TRANSELEC S.A.,Sí,Sí,Sí
2315,S/E E42,SE006,SE006G0476,6,HIDROENERSUR SPA,No,No,No
2316,S/E CENTRAL MC3,SE007,SE007G0476,7,HIDROENERSUR SPA,No,No,No
2317,S/E TIGRE,SE001,SE001G0665,1,AR PAMPA SPA,No,No,No
2318,S/E PAMPA TIGRE,SE002,SE002G0665,2,AR PAMPA SPA,No,No,No
2319,S/E VALLE ESCONDIDO,SE001,SE001G0666,1,AR VALLE ESCONDIDO SPA,No,No,No
2320,S/E PUCHUNCAVI,SE001,SE001T0713,1,SUBESTACIÓN PUCHUNCAVÍ S.A.,Sí,Sí,Sí
2321,S/E QUILACOYA,SE031,SE031L0011,31,EMPRESA DE LOS FERROCARRILES DEL ESTADO,No,No,No
2322,S/E CENTRAL CORRALES,SE002,SE002G0655,2,HIDROELÉCTRICA LOS CORRALES SPA,No,No,No
2323,S/E VALLE DEL SOL,SE193,SE193G0292,193,ENEL GREEN POWER CHILE S.A.,Sí,Sí,Sí
2324,S/E WILLKA,SE001,SE001G0690,1,INVERSIONES FOTOVOLTAICAS SPA,Sí,Sí,Sí
2329,S/E SANTA CLARA,SE001,SE001G0830,1,COMPAÑÍA TRANSMISORA SUR S.A.,Sí,Sí,Sí
2330,S/E CAMPO LINDO,SE002,SE002G0693,2,PARQUE EÓLICO CAMPO LINDO SPA,No,No,No
2331,S/E LOS VARONES,SE004,SE004T0051,4,BESALCO TRANSMISIÓN SPA,Sí,Sí,Sí
2332,S/E LA RUCA,SE106,SE106T0031,106,SOCIEDAD AUSTRAL DE TRANSMISIÓN TRONCAL S.A.,Sí,Sí,Sí
2333,S/E FUTURO,SE065,SE065G0770,65,ANDES SOLAR II SPA,No,No,No
2334,S/E PFV MACHICURA,SE039,SE039G0004,39,COLBÚN S.A.,Sí,Sí,Sí
2335,S/E CARACAS II,SE001,SE001G0697,1,GENERADORA SOL SOLIV SPA,No,No,No
2336,S/E CENTRAL PUNTA DEL VIENTO,SE001,SE001G0698,1,HIDROELÉCTRICA PUNTA DEL VIENTO SPA,No,No,Sí
2337,S/E INCA DE ORO,SE040,SE040G0004,40,COLBÚN S.A.,Sí,Sí,Sí
2338,S/E CENTRAL PE VIENTOS PATAGONICOS (SM),SE001,SE001G0710,1,VIENTOS PATAGÓNICOS SPA,No,No,No
2339,S/E PALPANA,SE005,SE005G0216,5,ENGIE ENERGÍA CHILE S.A.,Sí,Sí,Sí
2341,S/E EL CHACAY,SE004,SE004T0053,4,MLP TRANSMISION S.A.,Sí,Sí,Sí
2346,S/E LOS VILLARES,SE005,SE005T0051,5,BESALCO TRANSMISIÓN SPA,No,No,No
2347,S/E MONTENEGRO,SE052,SE052T0003,52,SISTEMA DE TRANSMISIÓN DEL SUR S.A.,No,No,No
2348,S/E CORRUGADO,SE015,SE015L0022,15,ANGLO AMERICAN LOS BRONCES,Sí,Sí,Sí
2349,S/E CHANCADO,SE016,SE016L0022,16,ANGLO AMERICAN LOS BRONCES,Sí,Sí,Sí
2350,S/E BAJOS DE MENA,SE004,SE004T0055,4,TRANSMISORA ELÉCTRICA CORDILLERA SPA,Sí,Sí,Sí
2351,S/E LOS NOTROS,SE189,SE189T0002,189,TRANSELEC S.A.,No,No,No
2352,S/E IBERELENA,SE001,SE001G0732,1,SOLAR ELENA SPA,Sí,Sí,Sí
2353,S/E SAN VICTOR (SM),SE001,SE001G0733,1,EMPRESA ELÉCTRICA SAN VÍCTOR SPA,No,No,No
2354,S/E CENTRAL HP SAN VICTOR (SM),SE002,SE002G0733,2,EMPRESA ELÉCTRICA SAN VÍCTOR SPA,No,No,No
2355,S/E TAP OFF SAN VICTOR (SM),SE003,SE003G0733,3,EMPRESA ELÉCTRICA SAN VÍCTOR SPA,No,No,No
2356,S/E BELLA MONICA,SE194,SE194G0292,194,ENEL GREEN POWER CHILE S.A.,Sí,Sí,Sí
2357,S/E FUENTECILLA,SE053,SE053T0003,53,SISTEMA DE TRANSMISIÓN DEL SUR S.A.,Sí,Sí,Sí
2358,S/E MESETA DE LOS ANDES,SE001,SE001G0753,1,TERCERA REGIÓN SOLAR SPA,No,Sí,Sí
2359,S/E CENTRAL COLBUN,SE041,SE041G0004,41,COLBÚN S.A.,No,No,No
2360,S/E CGE1 MOVIL,SE292,SE292T0058,292,CGE TRANSMISIÓN S.A.,No,No,Sí
2361,S/E CGE2 MOVIL,SE293,SE293T0058,293,CGE TRANSMISIÓN S.A.,No,No,Sí
2362,S/E PUQUILLAY,SE054,SE054T0003,54,SISTEMA DE TRANSMISIÓN DEL SUR S.A.,No,No,No
2363,S/E SANTA CRUZ,SE055,SE055T0003,55,SISTEMA DE TRANSMISIÓN DEL SUR S.A.,No,No,No
2368,S/E SANTA ESTER SOLAR,SE001,SE001G0741,1,SANTA ESTER SOLAR SPA,No,No,No
2369,S/E COLORADO CHICO,SE169,SE169L0120,169,MINERA ESCONDIDA LTDA.,No,No,No
2371,S/E LAS SALINAS,SE195,SE195G0292,195,ENEL GREEN POWER CHILE S.A.,Sí,Sí,Sí
2372,S/E MOVIL QUINTA REGION,SE062,SE062T0057,62,CHILQUINTA TRANSMISIÓN S.A.,Sí,Sí,Sí
2373,S/E TAP OFF PIEDRAS NEGRAS,SE001,SE001G0516,1,HIDROELÉCTRICA PIEDRAS NEGRAS SPA,No,No,No
2374,S/E CENTRAL HP PIEDRAS NEGRAS,SE002,SE002G0516,2,HIDROELÉCTRICA PIEDRAS NEGRAS SPA,No,No,No
2375,S/E LA PUNA,SE065,SE065G0010,65,AES ANDES S.A.,No,No,No
2376,S/E DAMASCAL,SE002,SE002T0664,2,TRANSQUINTA S.A.,No,No,No
2377,S/E RONCACHO,SE006,SE006T0027,6,EDELNOR TRANSMISIÓN S.A.,Sí,Sí,Sí
2378,S/E IBERATACAMA,SE001,SE001G0098,1,PARQUE EÓLICO ATACAMA SPA,Sí,Sí,Sí
2379,S/E PATAGUILLA,SE001,SE001G0518,1,PATAGUILLA SOLAR SPA,No,No,No
2380,S/E ESTANCILLA,SE063,SE063T0057,63,CHILQUINTA TRANSMISIÓN S.A.,No,No,No
2381,S/E CEME 1,SE001,SE001G0517,1,CEME 1 SPA,Sí,Sí,Sí
2382,S/E JADRESIC,SE190,SE190T0832,190,TRANSMISORA PARINAS S.A.,No,No,No
2383,S/E CODEGUA,SE038,SE038T0061,38,ALFA TRANSMISORA DE ENERGÍA S.A.,Sí,Sí,Sí
2384,S/E HUERTOS FAMILIARES,SE196,SE196G0292,196,ENEL GREEN POWER CHILE S.A.,Sí,Sí,Sí
2385,S/E CARDONAL,SE001,SE001G0348,1,STATKRAFT EOLICO S.A.,No,No,No
2388,S/E AGUA AMARGA,SE003,SE003T0664,3,TRANSQUINTA S.A.,Sí,Sí,Sí
2392,S/E QUELVO,SE001,SE001G0378,1,PARQUE SOLAR QUILMO SPA,No,No,No
2395,S/E LA SEÑORAZA,SE107,SE107T0031,107,SOCIEDAD AUSTRAL DE TRANSMISIÓN TRONCAL S.A.,Sí,Sí,Sí
2397,S/E SOLIS,SE001,SE001T0851,1,GR SOLIS TRANSMISIÓN SPA,Sí,Sí,Sí
2411,S/E DOÑA ANTONIA,SE001,SE001G0362,1,DOÑA ANTONIA SOLAR SPA,Sí,Sí,Sí
2412,S/E CENTELLA,SE001,SE001T0711,1,CENTELLA TRANSMISIÓN S.A.,No,No,No
2414,S/E TAIRA,SE001,SE001G0365,1,PLANTA SOLAR TOCOPILLA SPA,Sí,Sí,Sí
2418,S/E LA CABAÑA,SE197,SE197G0292,197,ENEL GREEN POWER CHILE S.A.,No,No,No
2427,S/E SECCIONADORA CANCURA,SE002,SE002G1039,2,PE CANCURA SPA,Sí,Sí,Sí
2430,S/E HORIZONTE NORTE,SE042,SE042G0004,42,COLBÚN S.A.,Sí,Sí,Sí
2431,S/E HORIZONTE SUR,SE043,SE043G0004,43,COLBÚN S.A.,No,No,No
2433,S/E LAS CANTERAS,SE001,SE001T0487,1,EDGECONNEX CHILE V SPA,No,No,No
2434,S/E PUNTA DE TALCA,SE001,SE001G0823,1,PARQUE EÓLICO PUNTA DE TALCA SPA,Sí,Sí,Sí
2435,S/E MINERA DOS AMIGOS,SE194,SE194T0002,194,TRANSELEC S.A.,No,No,Sí
2437,S/E LIQCAU,SE001,SE001T0027,1,EDELNOR TRANSMISIÓN S.A.,No,No,No
2438,S/E TAMARICO,SE001,SE001G0859,1,TAMARICO SOLAR DOS SPA,No,No,No
2439,S/E VERBENAS,SE002,SE002G0859,2,TAMARICO SOLAR DOS SPA,No,No,No
2447,S/E LAS DICHAS,SE002,SE002T0707,2,CASABLANCA TRANSMISORA DE ENERGÍA S.A.,No,No,No
2449,S/E SANTO DOMINGO,SE001,SE001G0868,1,PARQUE SOLAR LEYDA SPA,No,No,No
2450,S/E TAMANGO,SE001,SE001G0897,1,GR LIUN SPA,No,No,No
2453,S/E RUCASOL,SE001,SE001G0849,1,RUCASOL SPA,No,No,No
2456,S/E KALLPA,SE191,SE191G0216,191,ENGIE ENERGÍA CHILE S.A.,No,No,No
2457,S/E MOVIL ESCONDIDA  1,SE170,SE170L0120,170,MINERA ESCONDIDA LTDA.,No,No,No
2458,S/E MONTE MINA,SE191,SE191T0832,191,TRANSMISORA PARINAS S.A.,No,No,No
2468,S/E TAP OFF PACHACAMA (CHILQUINTA),SE064,SE064T0057,64,CHILQUINTA TRANSMISIÓN S.A.,No,No,No
2469,S/E LA ESPERANZA (TRANSELEC),SE195,SE195T0002,195,TRANSELEC S.A.,No,No,No
2470,S/E SUBESTACION MOVIL 1,SE196,SE196T0002,196,TRANSELEC S.A.,No,No,No
2472,S/E EL RUIL,SE001,SE001T0829,1,NIRIVILO TRANSMISORA DE ENERGÍA S.A.,No,No,No
2473,S/E DON HUMBERTO,SE198,SE198G0292,198,ENEL GREEN POWER CHILE S.A.,Sí,Sí,Sí
2474,S/E LOS POETAS,SE005,SE005T0048,5,COMPAÑÍA TRANSMISORA DEL NORTE GRANDE S.A.,No,No,No
2475,TAP OFF SAN CLEMENTE,SE294,SE294T0058,294,CGE TRANSMISIÓN S.A.,No,No,No
2476,S/E DESIERTO DE ATACAMA,SE001,SE001G0829,1,COPIAPÓ SOLAR SPA,No,No,No
2477,S/E EPULEUFU,SE108,SE108T0031,108,SOCIEDAD AUSTRAL DE TRANSMISIÓN TRONCAL S.A.,No,No,No
2479,S/E TEHUELCHE (SM),SE009,SE009G0913,9,EMPRESA ELÉCTRICA DE AYSÉN S.A.,No,No,No
2483,S/E ESPIGA DE ORO,SE001,SE001R0663,1,ENERBLAN SPA,Sí,Sí,Sí
2484,S/E VELADERO,SE004,SE004L0101,4,COMPAÑÍA MINERA NEVADA SPA,No,No,No
2491,S/E IBERTALTAL,SE001,SE001G0990,1,PARQUE EÓLICO ANTOFAGASTA SPA,Sí,Sí,Sí
2492,S/E TAP OFF EFE ESCUADRON (CGE),SE296,SE296T0058,296,CGE TRANSMISIÓN S.A.,No,No,No
2497,SE TAP OFF LAS NIEVES,SE001,SE001G0854,1,HIDROELÉCTRICA LAS NIEVES SPA,No,No,Sí
2498,S/E CENTRAL LAS NIEVES,SE002,SE002G0854,2,HIDROELÉCTRICA LAS NIEVES SPA,Sí,No,Sí
2507,S/E CENTRAL LLAGUEPE (SM),SE004,SE004G0018,4,SAGESA S.A.,No,No,No
2508,S/E CENTRAL COCHAMO (SM),SE006,SE006G0018,6,SAGESA S.A.,No,No,No
2509,S/E VICTOR JARA,SE001,SE001T0837,1,GR CHAÑAR SPA,No,No,No
2510,S/E CENTRAL DON EUGENIO,SE001,SE001G1004,1,HIDROELECTRICA DON EUGENIO SPA,Sí,Sí,Sí
2511,S/E DON EUGENIO,SE002,SE002G1004,2,HIDROELECTRICA DON EUGENIO SPA,Sí,Sí,Sí
2512,S/E TRINIDAD,SE075,SE075T0003,75,SISTEMA DE TRANSMISIÓN DEL SUR S.A.,No,No,No
2516,S/E CENTRAL FEO,SE008,SE008G0476,8,HIDROENERSUR SPA,No,No,No
2559,S/E TAP OFF EST.401,SE002,SE002G0088,2,BIOENERGÍAS FORESTALES SPA,No,No,No
